booking_id,model_id,client_id,agent,campaign_type,casting_received_date,confirmed_date,time_to_book_days,revenue_usd,is_digital,cancelled,athena_assisted
B000001,10066,C001,Amélie,Beauty Campaign,2024-04-25,2024-04-30,5.63,8509.32,0,0,0
B000002,10066,C030,Marco,Resort,2025-02-23,2025-02-25,2.63,15861.57,0,0,1
B000003,10066,C021,Theo,Fragrance,2024-12-30,2024-12-31,1.8,4718.38,0,0,1
B000004,10066,C036,Marco,Fragrance,2024-09-11,2024-09-13,2.64,25274.44,0,0,1
B000005,10066,C036,Theo,Resort,2024-10-15,2024-10-16,0.5,20527.9,0,0,1
B000006,10066,C017,Amélie,Pre-Fall,2024-10-05,2024-10-06,1.85,41372.81,0,0,1
B000007,10066,C030,Theo,Editorial,2025-04-30,2025-05-01,1.97,7991.88,1,0,1
B000008,10066,C030,Amélie,Pre-Fall,2025-05-18,2025-05-19,0.71,24708.89,0,0,0
B000009,10066,C010,Sofia,Pre-Fall,2024-09-07,2024-09-08,1.79,38773.32,1,0,1
B000010,10066,C030,Amélie,Lookbook,2024-10-25,2024-10-26,0.71,10223.82,0,0,1
B000011,10066,C020,Luca,Fall/Winter,2024-11-07,2024-11-11,4.09,6078.2,0,0,0
B000012,9947,C027,Luca,Editorial,2024-09-26,2024-10-01,5.24,20295.88,0,0,0
B000013,9947,C016,Luca,Fragrance,2025-03-18,2025-03-21,3.99,18641.71,1,0,0
B000014,9947,C015,Charlotte,Cruise,2024-11-15,2024-11-19,4.92,14256.12,0,0,0
B000015,9947,C015,Charlotte,Editorial,2025-09-28,2025-10-02,4.64,10642.49,0,0,0
B000016,9947,C018,Sofia,Lookbook,2024-05-30,2024-06-05,6.78,39768.57,0,0,0
B000017,9947,C016,Amélie,Resort,2025-04-06,2025-04-09,3.93,8109.25,0,0,1
B000018,9947,C011,Amélie,Lookbook,2025-02-13,2025-02-14,1.76,20823.2,0,0,1
B000019,9947,C017,Sofia,Editorial,2025-05-11,2025-05-12,0.39,7221.63,0,1,1
B000020,9947,C013,Charlotte,Lookbook,2025-02-19,2025-02-25,6.68,9019.19,0,0,0
B000021,10721,C020,Theo,Fragrance,2025-07-15,2025-07-17,2.4,12260.36,0,0,1
B000022,10721,C012,Amélie,Spring/Summer,2025-03-12,2025-03-16,4.48,29020.35,0,0,0
B000023,10721,C033,Luca,Spring/Summer,2025-08-10,2025-08-11,1.76,8263.14,0,0,1
B000024,10721,C033,Theo,Resort,2025-03-23,2025-03-25,2.39,9966.83,0,0,0
B000025,10721,C008,Marco,Fall/Winter,2025-03-16,2025-03-17,1.06,14923.74,0,0,0
B000026,10721,C020,Luca,Spring/Summer,2025-01-17,2025-01-19,2.07,2879.53,0,1,1
B000027,10721,C025,Theo,Beauty Campaign,2025-04-13,2025-04-19,6.44,16480.35,0,0,0
B000028,10721,C007,Theo,Luxury Campaign,2025-02-22,2025-02-23,1.95,27276.23,0,0,1
B000029,10721,C008,Theo,Runway,2025-04-15,2025-04-16,0.67,11399.2,0,0,1
B000030,10721,C021,Sofia,Beauty Campaign,2024-12-15,2024-12-19,4.31,41702.37,0,0,1
B000031,10721,C029,Charlotte,Resort,2025-04-13,2025-04-16,3.36,25267.42,0,0,1
B000032,10721,C018,Luca,Pre-Fall,2024-05-01,2024-05-07,6.63,11526.53,0,0,0
B000033,10721,C020,Marco,Lookbook,2024-10-16,2024-10-20,4.47,22484.98,0,0,1
B000034,10721,C008,Sofia,Cruise,2024-12-20,2024-12-21,1.78,4896.51,1,0,1
B000035,10721,C020,Theo,Luxury Campaign,2025-06-12,2025-06-14,2.32,2932.48,0,0,1
B000036,10721,C037,Charlotte,Luxury Campaign,2025-04-25,2025-04-26,0.56,7385.77,0,0,1
B000037,10515,C035,Luca,Editorial,2025-03-09,2025-03-10,1.5,6470.7,0,0,1
B000038,10515,C009,Sofia,Spring/Summer,2024-10-22,2024-10-29,7.27,57435.4,0,0,0
B000039,10515,C015,Amélie,Luxury Campaign,2025-10-06,2025-10-09,3.39,12092.07,0,0,1
B000040,10515,C035,Charlotte,Lookbook,2025-10-05,2025-10-07,2.9,9696.5,0,0,1
B000041,10515,C017,Amélie,Runway,2025-06-19,2025-06-27,8.5,10881.04,0,0,0
B000042,10515,C015,Amélie,Runway,2025-09-30,2025-10-03,3.37,10585.29,0,0,0
B000043,10515,C027,Theo,Spring/Summer,2024-10-21,2024-10-26,5.79,14066.16,0,0,0
B000044,10515,C030,Sofia,Fragrance,2025-06-27,2025-06-29,2.66,3343.0,0,0,1
B000045,10515,C011,Charlotte,Fragrance,2025-06-15,2025-06-20,5.4,15304.22,1,1,0
B000046,10515,C025,Sofia,Luxury Campaign,2024-05-29,2024-06-02,4.58,3955.58,0,0,1
B000047,10515,C007,Amélie,Fragrance,2024-10-22,2024-10-28,6.84,13627.31,0,0,0
B000048,10515,C003,Amélie,Lookbook,2025-02-24,2025-02-27,3.75,6694.07,0,0,0
B000049,10515,C035,Theo,Beauty Campaign,2025-10-06,2025-10-07,0.75,19646.04,1,0,1
B000050,9964,C028,Luca,Fragrance,2024-10-16,2024-10-20,4.39,15768.15,0,0,1
B000051,9964,C038,Amélie,Fragrance,2024-10-30,2024-11-03,4.99,26137.67,0,0,1
B000052,9964,C010,Amélie,Spring/Summer,2024-11-19,2024-11-20,0.7,13390.66,0,0,1
B000053,9964,C010,Charlotte,Cruise,2024-06-20,2024-06-21,1.28,22262.84,0,0,1
B000054,9964,C018,Amélie,Pre-Fall,2025-06-21,2025-06-24,3.11,18933.66,1,0,0
B000055,9964,C028,Luca,Cruise,2024-10-08,2024-10-10,2.48,8063.63,0,0,1
B000056,9964,C010,Theo,Cruise,2025-09-30,2025-10-03,3.09,7971.2,0,0,1
B000057,9964,C028,Charlotte,Lookbook,2025-09-30,2025-10-02,2.2,23822.73,0,0,1
B000058,10231,C030,Theo,Lookbook,2025-02-26,2025-02-28,2.3,12118.87,1,0,1
B000059,10231,C018,Sofia,Fragrance,2024-10-26,2024-10-30,4.03,8342.27,0,0,1
B000060,10231,C013,Amélie,Fragrance,2024-11-30,2024-12-02,2.49,24582.44,0,0,1
B000061,10231,C030,Marco,Editorial,2024-09-02,2024-09-05,3.31,3292.58,0,0,0
B000062,10231,C007,Luca,Editorial,2024-05-20,2024-05-26,6.17,11287.87,0,0,0
B000063,10231,C017,Luca,Beauty Campaign,2025-01-05,2025-01-07,2.22,8537.66,0,0,1
B000064,10231,C004,Charlotte,Resort,2024-11-12,2024-11-14,2.64,6859.7,1,0,1
B000065,10231,C020,Marco,Luxury Campaign,2025-03-19,2025-03-21,2.43,6468.48,0,0,1
B000066,10231,C018,Charlotte,Fragrance,2024-09-10,2024-09-12,2.09,14291.26,0,0,0
B000067,10231,C020,Marco,Runway,2024-11-10,2024-11-11,0.39,8878.33,0,0,1
B000068,10231,C030,Luca,Resort,2025-02-10,2025-02-11,0.16,8424.17,0,0,1
B000069,10231,C019,Theo,Editorial,2025-02-24,2025-02-25,0.94,11824.05,0,0,1
B000070,9991,C013,Marco,Luxury Campaign,2025-04-06,2025-04-11,5.94,22766.32,1,0,0
B000071,9991,C005,Theo,Editorial,2024-11-29,2024-12-03,4.39,7668.41,0,0,0
B000072,9991,C029,Luca,Runway,2025-01-29,2025-02-01,3.36,16071.78,0,0,0
B000073,9991,C015,Luca,Beauty Campaign,2024-09-29,2024-10-06,7.46,13599.96,1,1,0
B000074,9991,C002,Sofia,Runway,2024-09-25,2024-10-01,6.37,3677.78,0,0,0
B000075,9991,C017,Marco,Fragrance,2024-09-05,2024-09-06,1.48,39466.85,0,0,1
B000076,9991,C018,Luca,Resort,2024-05-17,2024-05-18,1.59,5650.6,0,0,1
B000077,9991,C015,Marco,Lookbook,2025-04-27,2025-05-01,4.88,8810.75,0,0,0
B000078,9991,C019,Sofia,Fall/Winter,2024-11-18,2024-11-21,3.7,16414.33,0,0,1
B000079,9991,C015,Sofia,Lookbook,2025-03-26,2025-03-30,4.25,28693.7,0,0,1
B000080,9991,C017,Charlotte,Beauty Campaign,2025-03-17,2025-03-20,3.92,7880.48,0,0,0
B000081,9991,C015,Charlotte,Editorial,2025-01-29,2025-01-30,0.78,8941.28,0,0,0
B000082,10163,C016,Luca,Resort,2024-10-24,2024-10-28,4.95,8499.78,0,1,0
B000083,10163,C008,Marco,Beauty Campaign,2024-09-26,2024-09-28,2.8,23085.63,0,0,1
B000084,10163,C033,Luca,Fragrance,2024-10-18,2024-10-21,3.56,16797.92,0,0,1
B000085,10163,C025,Marco,Cruise,2024-12-15,2024-12-16,1.87,7426.59,0,0,1
B000086,10163,C008,Amélie,Lookbook,2025-04-10,2025-04-16,6.05,5672.57,0,0,0
B000087,10163,C002,Marco,Spring/Summer,2025-03-07,2025-03-08,1.71,7439.25,0,0,1
B000088,10163,C008,Charlotte,Pre-Fall,2024-06-20,2024-06-21,1.72,12895.33,0,0,1
B000089,10163,C016,Luca,Spring/Summer,2025-07-23,2025-07-30,7.32,12468.27,0,0,0
B000090,10461,C032,Luca,Lookbook,2025-06-02,2025-06-04,2.85,4858.61,0,0,0
B000091,10461,C001,Marco,Resort,2024-08-13,2024-08-15,2.76,15076.53,0,0,1
B000092,10461,C017,Amélie,Lookbook,2024-09-05,2024-09-07,2.33,5107.67,0,0,1
B000093,10461,C035,Luca,Luxury Campaign,2024-10-29,2024-11-05,7.24,7913.65,0,0,0
B000094,10461,C025,Marco,Cruise,2024-11-30,2024-12-07,7.57,11945.67,0,0,0
B000095,10461,C025,Marco,Fall/Winter,2025-08-31,2025-09-02,2.59,21374.06,0,0,0
B000096,10461,C003,Charlotte,Lookbook,2025-04-22,2025-04-25,3.14,9671.38,0,0,0
B000097,10461,C010,Marco,Spring/Summer,2024-07-02,2024-07-05,3.17,26411.98,0,0,1
B000098,10461,C016,Luca,Beauty Campaign,2025-03-13,2025-03-14,1.58,13517.25,0,0,1
B000099,10461,C032,Charlotte,Editorial,2024-05-11,2024-05-16,5.73,7682.92,0,0,0
B000100,10149,C020,Luca,Fall/Winter,2025-01-19,2025-01-24,5.03,6341.62,0,0,0
B000101,10149,C005,Charlotte,Beauty Campaign,2024-07-06,2024-07-08,2.83,22848.96,1,0,0
B000102,10149,C019,Charlotte,Editorial,2024-11-17,2024-11-21,4.22,18777.66,0,0,1
B000103,10149,C004,Charlotte,Spring/Summer,2024-06-19,2024-06-20,1.09,24597.18,0,0,1
B000104,10149,C005,Theo,Cruise,2024-07-28,2024-08-02,5.63,11623.84,0,0,0
B000105,10149,C009,Amélie,Fall/Winter,2025-09-13,2025-09-16,3.85,8761.19,0,0,0
B000106,10149,C029,Charlotte,Lookbook,2024-04-29,2024-04-30,1.71,20405.92,0,0,1
B000107,10149,C011,Charlotte,Resort,2025-04-22,2025-04-26,4.71,27777.02,0,0,1
B000108,10149,C011,Charlotte,Fragrance,2024-10-20,2024-10-23,3.75,26051.31,0,0,1
B000109,10580,C022,Sofia,Fall/Winter,2025-07-19,2025-07-23,4.83,11811.57,0,0,0
B000110,10580,C001,Theo,Fragrance,2025-01-08,2025-01-10,3.0,25800.3,0,0,1
B000111,10580,C008,Marco,Fall/Winter,2025-09-18,2025-09-21,3.34,13265.59,0,0,0
B000112,10580,C036,Amélie,Lookbook,2025-09-30,2025-10-01,1.19,18418.3,0,0,1
B000113,10580,C030,Amélie,Fragrance,2024-09-15,2024-09-18,3.41,6994.05,0,0,0
B000114,10580,C008,Marco,Runway,2024-11-09,2024-11-12,3.4,9237.98,0,0,0
B000115,10580,C030,Marco,Pre-Fall,2024-09-10,2024-09-11,1.01,27119.41,0,0,1
B000116,10373,C027,Marco,Lookbook,2024-10-27,2024-11-01,5.69,2708.34,0,0,0
B000117,10373,C027,Charlotte,Lookbook,2025-03-03,2025-03-08,5.22,52489.17,0,0,0
B000118,10373,C007,Theo,Beauty Campaign,2024-06-28,2024-07-02,4.26,21472.73,1,0,1
B000119,10373,C032,Marco,Cruise,2024-09-15,2024-09-18,3.93,16648.93,0,0,1
B000120,10373,C014,Charlotte,Spring/Summer,2024-10-11,2024-10-15,4.67,28369.13,0,0,1
B000121,10373,C001,Marco,Fragrance,2024-07-05,2024-07-09,4.75,12057.72,0,0,0
B000122,10373,C008,Charlotte,Fall/Winter,2024-05-07,2024-05-08,1.78,59180.25,0,0,1
B000123,10373,C032,Theo,Editorial,2025-09-10,2025-09-14,4.51,5996.92,0,1,0
B000124,10373,C007,Sofia,Beauty Campaign,2024-08-16,2024-08-19,3.43,14368.61,0,0,1
B000125,10373,C027,Theo,Editorial,2024-10-07,2024-10-09,2.6,6119.45,0,0,1
B000126,10373,C007,Luca,Editorial,2024-05-20,2024-05-22,2.1,21110.29,0,0,1
B000127,10373,C032,Marco,Runway,2024-08-30,2024-09-03,5.0,3435.81,0,0,0
B000128,10373,C027,Sofia,Spring/Summer,2025-04-03,2025-04-05,2.63,49959.74,0,0,1
B000129,10373,C027,Theo,Luxury Campaign,2024-09-09,2024-09-10,1.37,7718.22,1,0,1
B000130,10135,C014,Charlotte,Beauty Campaign,2025-09-10,2025-09-11,1.65,6539.5,0,0,1
B000131,10135,C024,Amélie,Resort,2025-03-15,2025-03-17,2.93,53545.39,0,0,1
B000132,10135,C036,Sofia,Lookbook,2025-03-28,2025-04-03,6.91,16894.01,0,0,0
B000133,10135,C008,Luca,Luxury Campaign,2024-10-02,2024-10-09,7.96,21026.17,0,0,0
B000134,10135,C019,Sofia,Spring/Summer,2025-01-27,2025-02-01,5.33,18563.04,0,0,0
B000135,10135,C015,Amélie,Runway,2025-01-18,2025-01-21,3.8,5974.34,0,0,1
B000136,10135,C028,Sofia,Pre-Fall,2024-06-04,2024-06-08,4.28,21510.58,0,0,0
B000137,10135,C018,Charlotte,Editorial,2025-03-21,2025-03-28,7.42,21093.87,0,0,0
B000138,10135,C036,Marco,Resort,2024-11-17,2024-11-21,4.61,22019.75,0,0,0
B000139,10135,C006,Charlotte,Pre-Fall,2025-04-14,2025-04-17,3.68,11807.9,0,0,0
B000140,10145,C010,Amélie,Resort,2025-10-17,2025-10-18,0.14,12228.11,0,1,1
B000141,10145,C032,Sofia,Spring/Summer,2024-07-08,2024-07-09,1.75,11584.0,0,0,1
B000142,10145,C021,Theo,Fall/Winter,2024-12-27,2024-12-28,0.62,15413.25,0,0,1
B000143,10145,C037,Marco,Editorial,2024-10-01,2024-10-03,2.36,8665.5,1,0,1
B000144,10145,C019,Luca,Lookbook,2025-06-30,2025-07-04,4.33,6652.76,1,0,0
B000145,10145,C037,Charlotte,Cruise,2024-10-30,2024-11-02,3.76,2575.61,0,0,1
B000146,10145,C003,Charlotte,Luxury Campaign,2024-09-08,2024-09-09,0.1,31910.94,1,0,1
B000147,10145,C027,Charlotte,Fragrance,2024-06-15,2024-06-19,4.88,12738.78,1,1,1
B000148,10145,C030,Marco,Lookbook,2025-05-03,2025-05-04,1.75,12451.99,1,0,1
B000149,10145,C020,Marco,Luxury Campaign,2024-08-04,2024-08-06,2.64,13968.3,0,0,1
B000150,10145,C037,Charlotte,Fall/Winter,2025-03-04,2025-03-08,4.05,8015.95,1,0,1
B000151,10145,C010,Marco,Cruise,2025-10-13,2025-10-15,2.31,29954.61,1,0,1
B000152,10320,C038,Theo,Beauty Campaign,2024-07-18,2024-07-20,2.64,13343.04,0,0,1
B000153,10320,C021,Theo,Resort,2024-10-21,2024-10-23,2.62,21445.62,0,0,0
B000154,10320,C005,Luca,Lookbook,2024-12-10,2024-12-12,2.88,20870.36,0,0,1
B000155,10320,C012,Amélie,Runway,2025-06-16,2025-06-19,3.03,16170.43,0,0,1
B000156,10320,C012,Amélie,Spring/Summer,2024-05-09,2024-05-15,6.61,22710.51,0,0,0
B000157,10320,C013,Amélie,Lookbook,2025-07-25,2025-07-27,2.42,15638.58,0,0,1
B000158,10320,C022,Marco,Runway,2025-06-12,2025-06-14,2.52,6496.49,0,0,1
B000159,10586,C025,Amélie,Luxury Campaign,2025-03-12,2025-03-15,3.15,11370.85,0,0,1
B000160,10586,C005,Charlotte,Lookbook,2024-12-04,2024-12-08,4.54,18048.24,1,0,0
B000161,10586,C010,Charlotte,Lookbook,2024-07-12,2024-07-15,3.16,7973.75,1,0,1
B000162,10586,C026,Charlotte,Resort,2025-07-08,2025-07-09,1.68,1365.48,0,0,1
B000163,10586,C022,Theo,Resort,2025-08-08,2025-08-10,2.6,7863.35,0,0,1
B000164,10586,C006,Amélie,Fall/Winter,2025-02-22,2025-02-26,4.34,18867.15,0,0,0
B000165,10586,C029,Marco,Lookbook,2025-06-07,2025-06-09,2.14,11391.85,0,0,1
B000166,10586,C034,Theo,Runway,2024-06-26,2024-07-02,6.94,2481.29,0,0,0
B000167,10586,C034,Marco,Spring/Summer,2024-12-07,2024-12-10,3.73,25483.18,0,0,0
B000168,10586,C011,Theo,Beauty Campaign,2025-08-29,2025-09-01,3.41,11518.96,1,0,1
B000169,10586,C034,Luca,Beauty Campaign,2025-07-05,2025-07-06,0.39,12406.66,0,0,1
B000170,10131,C024,Marco,Luxury Campaign,2024-10-27,2024-11-03,7.9,14242.56,0,0,0
B000171,10131,C009,Charlotte,Fragrance,2024-10-12,2024-10-17,5.14,11818.6,1,0,0
B000172,10131,C037,Charlotte,Runway,2025-01-15,2025-01-19,4.18,11935.87,0,0,1
B000173,10131,C024,Luca,Runway,2025-04-24,2025-04-25,1.28,12158.38,0,0,1
B000174,10131,C027,Luca,Editorial,2024-05-15,2024-05-19,4.38,7733.49,0,0,0
B000175,10131,C013,Theo,Lookbook,2025-09-13,2025-09-17,4.67,8181.7,0,0,0
B000176,10131,C013,Marco,Fragrance,2024-05-03,2024-05-06,3.08,8149.45,0,0,1
B000177,10131,C037,Marco,Editorial,2024-04-28,2024-05-05,7.15,14543.83,0,1,0
B000178,10546,C034,Sofia,Runway,2024-10-05,2024-10-09,4.32,28429.5,1,0,1
B000179,10546,C034,Sofia,Spring/Summer,2025-03-06,2025-03-08,2.18,17918.47,0,0,1
B000180,10546,C034,Luca,Editorial,2025-03-30,2025-04-01,2.35,22465.08,0,0,1
B000181,10546,C034,Sofia,Lookbook,2025-04-14,2025-04-16,2.39,2321.32,1,0,1
B000182,10702,C002,Amélie,Luxury Campaign,2025-09-08,2025-09-09,1.15,3327.57,0,0,1
B000183,10126,C038,Charlotte,Lookbook,2024-05-25,2024-05-26,1.04,3924.52,0,0,0
B000184,10116,C005,Marco,Beauty Campaign,2025-10-01,2025-10-03,2.17,5570.21,1,0,0
B000185,10116,C030,Luca,Pre-Fall,2025-10-10,2025-10-16,6.42,21551.56,0,0,0
B000186,10116,C013,Theo,Fragrance,2024-11-11,2024-11-13,2.24,20360.41,0,0,1
B000187,10116,C030,Luca,Luxury Campaign,2025-04-09,2025-04-12,3.68,14507.35,0,0,1
B000188,10116,C031,Charlotte,Beauty Campaign,2024-06-10,2024-06-13,3.35,44169.09,0,0,1
B000189,10116,C006,Sofia,Luxury Campaign,2025-07-11,2025-07-17,6.62,17043.9,0,0,0
B000190,10116,C030,Theo,Fall/Winter,2025-03-05,2025-03-06,0.79,8714.78,0,0,1
B000191,10116,C023,Charlotte,Beauty Campaign,2024-08-28,2024-08-31,3.32,2591.46,1,0,1
B000192,10116,C031,Charlotte,Editorial,2025-03-25,2025-03-29,4.93,17434.25,1,0,0
B000193,10495,C029,Theo,Editorial,2025-06-03,2025-06-07,4.49,6791.91,0,0,0
B000194,10495,C010,Charlotte,Editorial,2025-08-07,2025-08-08,1.15,9928.95,0,0,1
B000195,10495,C037,Theo,Resort,2025-08-03,2025-08-04,0.49,7489.85,0,0,1
B000196,10495,C002,Sofia,Resort,2025-04-03,2025-04-04,0.44,23504.78,0,0,1
B000197,10184,C029,Luca,Cruise,2025-10-02,2025-10-07,5.84,15575.28,0,0,0
B000198,10184,C006,Theo,Fall/Winter,2025-10-07,2025-10-09,2.03,20626.97,0,0,1
B000199,10184,C014,Theo,Fragrance,2025-01-09,2025-01-10,0.83,5526.43,0,0,1
B000200,10184,C012,Marco,Lookbook,2025-08-30,2025-08-31,1.7,4980.29,0,0,0
B000201,10184,C029,Luca,Editorial,2025-09-22,2025-09-28,6.85,6022.63,0,0,0
B000202,10184,C006,Theo,Runway,2025-07-20,2025-07-24,4.06,4159.05,0,0,0
B000203,10184,C029,Theo,Spring/Summer,2025-02-23,2025-02-24,1.57,26004.03,1,0,1
B000204,10184,C014,Sofia,Lookbook,2024-12-08,2024-12-09,0.1,6178.7,0,0,1
B000205,10184,C017,Amélie,Luxury Campaign,2025-04-13,2025-04-14,1.76,4901.57,0,0,0
B000206,10184,C017,Sofia,Lookbook,2025-07-13,2025-07-14,1.9,6653.88,0,0,1
B000207,10184,C017,Marco,Cruise,2025-06-06,2025-06-10,4.56,19373.91,0,0,0
B000208,10184,C006,Sofia,Pre-Fall,2025-06-07,2025-06-10,3.05,14736.98,0,0,0
B000209,10184,C022,Amélie,Spring/Summer,2025-10-14,2025-10-15,1.6,32125.24,1,0,1
B000210,10184,C037,Luca,Fragrance,2024-04-27,2024-04-29,2.03,14533.05,0,0,1
B000211,10184,C014,Luca,Pre-Fall,2024-10-12,2024-10-16,4.37,8083.62,0,0,0
B000212,10184,C026,Marco,Fragrance,2024-05-02,2024-05-05,3.34,13249.64,0,0,1
B000213,10184,C017,Theo,Lookbook,2025-04-05,2025-04-06,1.27,9262.32,0,0,1
B000214,10184,C023,Sofia,Luxury Campaign,2025-07-13,2025-07-14,0.98,4509.9,0,0,1
B000215,10725,C016,Sofia,Editorial,2025-05-30,2025-05-31,0.38,7779.43,0,0,1
B000216,10725,C011,Marco,Lookbook,2025-04-28,2025-04-30,2.13,13731.03,0,0,1
B000217,10725,C008,Amélie,Beauty Campaign,2024-10-05,2024-10-08,3.59,11094.66,0,0,0
B000218,10725,C030,Amélie,Cruise,2025-09-27,2025-09-29,2.87,41364.09,0,0,1
B000219,10725,C031,Luca,Fragrance,2025-08-15,2025-08-18,3.29,25398.24,0,0,1
B000220,10725,C030,Sofia,Luxury Campaign,2024-11-15,2024-11-16,1.52,11654.89,0,0,1
B000221,10725,C030,Sofia,Runway,2025-06-15,2025-06-18,4.0,4739.59,0,0,1
B000222,10725,C008,Charlotte,Resort,2025-02-04,2025-02-05,0.54,21603.18,0,0,1
B000223,10725,C016,Amélie,Cruise,2024-10-18,2024-10-20,2.9,36726.42,0,0,1
B000224,10725,C030,Sofia,Beauty Campaign,2025-01-26,2025-01-27,0.57,16889.87,0,0,1
B000225,10725,C021,Charlotte,Resort,2024-05-02,2024-05-03,1.41,16568.0,0,0,1
B000226,10160,C033,Luca,Lookbook,2025-09-20,2025-09-21,1.58,38922.88,0,0,0
B000227,10160,C002,Sofia,Spring/Summer,2025-10-09,2025-10-10,1.71,23666.73,0,0,1
B000228,10160,C038,Sofia,Beauty Campaign,2025-03-14,2025-03-15,1.16,7116.23,0,0,1
B000229,10160,C032,Amélie,Cruise,2024-08-31,2024-09-03,3.82,8732.71,1,0,0
B000230,10160,C035,Sofia,Resort,2024-12-14,2024-12-18,4.52,19018.17,0,0,1
B000231,10233,C031,Luca,Pre-Fall,2025-01-24,2025-01-28,4.14,9016.21,0,0,1
B000232,10233,C004,Theo,Fall/Winter,2025-06-14,2025-06-18,4.71,6607.02,0,0,0
B000233,10233,C004,Charlotte,Cruise,2024-08-08,2024-08-12,4.19,13807.32,0,0,0
B000234,10233,C020,Luca,Fragrance,2025-03-10,2025-03-14,4.42,16805.29,0,0,1
B000235,10233,C009,Sofia,Fragrance,2024-07-20,2024-07-23,3.25,6926.57,0,0,1
B000236,10121,C010,Charlotte,Runway,2024-07-10,2024-07-11,0.72,6255.15,0,0,1
B000237,10121,C010,Marco,Fragrance,2024-11-24,2024-11-29,5.35,15771.34,0,0,0
B000238,10121,C016,Marco,Cruise,2024-07-29,2024-07-31,2.76,26237.65,1,0,1
B000239,10121,C023,Marco,Lookbook,2024-05-13,2024-05-14,1.59,8503.04,0,0,0
B000240,10121,C011,Luca,Luxury Campaign,2024-11-11,2024-11-12,1.5,10148.31,0,0,1
B000241,10121,C023,Amélie,Lookbook,2024-07-20,2024-07-21,0.41,14505.61,0,0,1
B000242,10121,C010,Marco,Editorial,2025-04-30,2025-05-02,2.23,7938.32,0,0,0
B000243,10121,C023,Charlotte,Beauty Campaign,2025-04-15,2025-04-19,4.93,11686.03,0,0,0
B000244,10121,C010,Charlotte,Spring/Summer,2025-04-25,2025-04-29,4.44,25031.93,1,0,0
B000245,10121,C034,Sofia,Beauty Campaign,2025-10-15,2025-10-16,0.58,37492.69,0,0,1
B000246,10121,C026,Charlotte,Lookbook,2025-09-28,2025-09-30,2.29,6781.96,0,0,1
B000247,10121,C023,Marco,Fragrance,2025-09-12,2025-09-18,6.36,42974.25,0,0,0
B000248,10121,C026,Theo,Luxury Campaign,2025-05-04,2025-05-06,2.75,10881.32,0,0,0
B000249,10121,C031,Luca,Lookbook,2024-05-29,2024-05-30,1.86,35575.72,0,1,1
B000250,10588,C017,Theo,Fall/Winter,2024-11-20,2024-11-22,2.72,18321.25,0,0,1
B000251,10588,C022,Theo,Fall/Winter,2025-03-02,2025-03-05,3.37,22067.66,0,0,1
B000252,10588,C019,Marco,Lookbook,2025-01-23,2025-01-27,4.03,4914.9,0,0,0
B000253,10588,C020,Luca,Lookbook,2024-06-04,2024-06-07,3.83,17098.58,0,0,1
B000254,10588,C014,Amélie,Cruise,2025-05-14,2025-05-19,5.47,27320.88,0,0,0
B000255,10588,C022,Sofia,Runway,2024-10-07,2024-10-11,4.76,1784.84,0,0,1
B000256,10588,C020,Luca,Resort,2025-07-24,2025-07-25,1.75,6049.31,0,0,0
B000257,10588,C020,Amélie,Beauty Campaign,2025-05-13,2025-05-14,1.29,10628.87,0,0,1
B000258,10588,C022,Charlotte,Spring/Summer,2024-11-20,2024-11-22,2.16,5168.59,1,0,1
B000259,10588,C018,Charlotte,Cruise,2025-03-03,2025-03-09,6.15,26957.28,0,1,0
B000260,10588,C018,Charlotte,Runway,2025-04-03,2025-04-09,6.68,33661.29,0,0,0
B000261,10588,C027,Luca,Lookbook,2024-12-08,2024-12-11,3.43,15718.97,0,0,1
B000262,10588,C035,Marco,Resort,2025-04-30,2025-05-02,2.39,14975.69,0,0,1
B000263,10588,C018,Charlotte,Cruise,2025-06-26,2025-07-01,5.61,10935.24,0,0,0
B000264,10501,C028,Theo,Resort,2025-03-12,2025-03-17,5.61,13174.37,0,0,0
B000265,10501,C025,Amélie,Luxury Campaign,2024-05-25,2024-05-26,0.82,43129.09,0,0,0
B000266,10501,C025,Amélie,Editorial,2024-05-16,2024-05-17,1.86,6135.09,0,0,1
B000267,10501,C028,Amélie,Cruise,2025-08-25,2025-08-26,1.36,3868.79,0,0,1
B000268,10501,C015,Theo,Spring/Summer,2024-09-03,2024-09-07,4.61,35723.42,0,0,1
B000269,10501,C035,Charlotte,Fall/Winter,2024-09-26,2024-10-01,5.9,5247.08,0,0,0
B000270,10501,C012,Amélie,Fall/Winter,2025-01-15,2025-01-16,0.76,31692.22,0,0,1
B000271,10501,C025,Marco,Pre-Fall,2025-09-01,2025-09-05,4.88,13208.48,0,0,0
B000272,10501,C025,Theo,Beauty Campaign,2025-06-20,2025-06-24,4.96,4872.46,0,0,1
B000273,10501,C035,Sofia,Pre-Fall,2024-12-18,2024-12-22,4.25,15619.57,0,0,1
B000274,10501,C035,Charlotte,Lookbook,2024-12-12,2024-12-13,1.62,37932.3,0,0,1
B000275,10501,C013,Sofia,Editorial,2025-02-16,2025-02-19,3.36,10471.92,0,0,1
B000276,10501,C025,Charlotte,Fall/Winter,2024-11-15,2024-11-16,1.59,5168.13,0,0,1
B000277,10501,C014,Luca,Cruise,2025-03-26,2025-03-28,2.37,11395.62,0,0,1
B000278,10501,C014,Charlotte,Luxury Campaign,2025-05-01,2025-05-05,4.86,14979.86,0,0,0
B000279,10087,C023,Luca,Beauty Campaign,2024-06-16,2024-06-17,1.58,20587.5,1,0,1
B000280,10087,C035,Marco,Lookbook,2025-10-07,2025-10-10,3.95,52664.08,0,0,0
B000281,10087,C020,Marco,Spring/Summer,2025-03-28,2025-04-03,6.48,6035.49,0,0,0
B000282,10087,C020,Theo,Cruise,2024-12-11,2024-12-14,3.01,15385.52,0,0,1
B000283,10087,C032,Theo,Fall/Winter,2025-08-18,2025-08-19,1.38,14198.48,0,0,1
B000284,10087,C020,Sofia,Pre-Fall,2025-03-26,2025-03-29,3.69,23637.96,0,0,0
B000285,10136,C003,Theo,Editorial,2025-02-01,2025-02-08,7.12,11987.17,0,0,0
B000286,10136,C001,Sofia,Cruise,2025-01-30,2025-01-31,1.48,5063.64,0,0,1
B000287,10136,C031,Sofia,Fall/Winter,2024-07-27,2024-08-02,6.51,10151.87,0,1,0
B000288,10136,C003,Sofia,Fragrance,2025-05-22,2025-05-26,4.06,6584.95,0,0,1
B000289,10136,C012,Marco,Runway,2025-02-07,2025-02-14,7.11,25136.51,0,0,0
B000290,10136,C034,Luca,Fragrance,2024-07-22,2024-07-23,1.45,20271.32,0,0,1
B000291,10136,C003,Amélie,Cruise,2025-06-04,2025-06-08,4.16,14785.88,0,0,1
B000292,10136,C003,Luca,Runway,2024-05-18,2024-05-19,1.01,12526.09,0,0,0
B000293,10136,C004,Charlotte,Runway,2024-10-19,2024-10-20,0.26,7286.82,0,0,1
B000294,10136,C007,Theo,Pre-Fall,2025-07-09,2025-07-11,2.58,21382.23,0,0,1
B000295,10136,C004,Sofia,Runway,2025-05-09,2025-05-12,3.9,11729.38,0,0,0
B000296,10136,C034,Theo,Editorial,2025-03-11,2025-03-13,2.98,27361.17,0,0,1
B000297,9970,C025,Theo,Fall/Winter,2025-03-05,2025-03-06,0.44,19292.07,0,0,1
B000298,9970,C006,Amélie,Pre-Fall,2025-05-29,2025-05-31,2.62,16503.17,0,0,1
B000299,9970,C022,Luca,Spring/Summer,2024-11-24,2024-11-26,2.51,22503.27,0,0,1
B000300,9970,C011,Marco,Fragrance,2025-03-08,2025-03-14,6.51,9128.05,0,0,0
B000301,9970,C028,Amélie,Resort,2024-11-26,2024-11-30,4.31,32622.0,0,0,1
B000302,9970,C005,Theo,Runway,2024-11-08,2024-11-11,3.23,3776.3,1,0,0
B000303,9970,C020,Charlotte,Lookbook,2024-06-07,2024-06-13,6.8,38446.72,0,0,0
B000304,9970,C007,Sofia,Resort,2025-05-14,2025-05-15,1.24,7718.2,0,0,1
B000305,9970,C005,Sofia,Runway,2024-10-04,2024-10-05,1.56,21075.22,0,0,1
B000306,9970,C001,Theo,Fragrance,2025-08-04,2025-08-07,3.96,16782.0,0,0,0
B000307,9970,C016,Marco,Spring/Summer,2024-09-21,2024-09-23,2.78,16929.21,0,0,0
B000308,9970,C020,Luca,Resort,2025-10-05,2025-10-07,2.14,9334.21,1,0,1
B000309,9970,C024,Luca,Fragrance,2025-04-18,2025-04-19,1.13,28656.51,0,0,1
B000310,9970,C005,Charlotte,Resort,2025-02-26,2025-02-27,0.85,10295.86,0,0,1
B000311,10073,C009,Marco,Fragrance,2024-07-31,2024-08-01,0.44,10741.65,0,0,1
B000312,10073,C022,Luca,Lookbook,2025-08-24,2025-08-27,3.65,6939.94,0,0,1
B000313,10073,C021,Charlotte,Luxury Campaign,2024-11-13,2024-11-17,4.98,26703.36,0,0,0
B000314,10073,C038,Amélie,Pre-Fall,2024-10-09,2024-10-10,1.41,18339.44,0,0,1
B000315,10073,C029,Theo,Cruise,2024-05-27,2024-05-31,4.53,6508.87,0,0,0
B000316,10073,C027,Marco,Fall/Winter,2024-05-15,2024-05-16,0.1,25190.13,0,0,1
B000317,10073,C022,Luca,Luxury Campaign,2024-11-28,2024-12-01,3.62,31985.26,1,0,1
B000318,10073,C029,Charlotte,Luxury Campaign,2025-08-07,2025-08-08,1.3,8811.7,0,0,1
B000319,10073,C006,Charlotte,Runway,2025-04-11,2025-04-13,2.53,4431.06,0,0,0
B000320,10073,C037,Charlotte,Fall/Winter,2025-06-11,2025-06-12,1.1,3081.69,0,0,1
B000321,10073,C025,Sofia,Runway,2025-04-05,2025-04-06,1.97,2930.81,0,0,0
B000322,10073,C015,Theo,Beauty Campaign,2025-03-11,2025-03-12,1.49,35294.72,0,0,1
B000323,10073,C022,Amélie,Editorial,2024-08-28,2024-08-29,1.81,2166.31,0,0,1
B000324,10073,C010,Marco,Lookbook,2024-12-16,2024-12-18,2.04,8048.04,0,0,1
B000325,10073,C025,Amélie,Beauty Campaign,2025-04-04,2025-04-06,2.21,10753.5,0,0,1
B000326,10073,C008,Theo,Editorial,2025-08-01,2025-08-02,1.4,3016.97,0,0,1
B000327,10073,C016,Sofia,Pre-Fall,2025-07-23,2025-07-29,6.6,2259.8,0,0,0
B000328,10073,C022,Luca,Fall/Winter,2025-06-26,2025-06-27,1.61,10256.53,0,0,1
B000329,10073,C013,Theo,Beauty Campaign,2025-10-10,2025-10-12,2.24,17773.78,0,0,1
B000330,10073,C029,Sofia,Runway,2024-05-31,2024-06-02,2.27,8367.27,0,0,1
B000331,10073,C022,Sofia,Runway,2025-10-10,2025-10-12,2.88,5744.2,0,0,1
B000332,10073,C022,Charlotte,Spring/Summer,2024-10-14,2024-10-17,3.79,17568.61,0,0,0
B000333,10073,C020,Charlotte,Spring/Summer,2024-07-02,2024-07-08,6.08,12886.84,0,0,0
B000334,10600,C008,Luca,Luxury Campaign,2025-04-29,2025-05-02,3.78,27873.41,0,0,1
B000335,10600,C012,Marco,Pre-Fall,2024-09-14,2024-09-15,1.37,7219.5,0,0,1
B000336,10600,C020,Marco,Lookbook,2024-10-05,2024-10-06,0.1,26023.29,0,0,1
B000337,10600,C033,Luca,Fall/Winter,2025-09-29,2025-10-02,3.48,23344.94,0,0,0
B000338,10600,C020,Marco,Runway,2025-05-11,2025-05-18,7.46,9053.72,0,0,0
B000339,10600,C012,Theo,Fragrance,2024-07-23,2024-07-25,2.46,26067.0,0,0,1
B000340,10600,C012,Sofia,Runway,2025-01-11,2025-01-13,2.21,3057.72,0,0,0
B000341,10600,C020,Amélie,Beauty Campaign,2025-05-04,2025-05-10,6.7,5318.72,0,0,0
B000342,10600,C016,Charlotte,Fragrance,2024-08-23,2024-08-24,1.97,16263.28,0,1,0
B000343,10600,C029,Theo,Runway,2025-03-15,2025-03-18,3.08,5424.53,0,0,1
B000344,10600,C012,Marco,Spring/Summer,2025-03-27,2025-03-31,4.21,16480.69,0,0,1
B000345,10134,C037,Charlotte,Resort,2024-08-05,2024-08-08,3.43,18817.07,0,0,1
B000346,10134,C033,Luca,Fall/Winter,2024-05-30,2024-05-31,1.86,15472.43,0,0,1
B000347,10134,C009,Marco,Resort,2025-02-11,2025-02-16,5.22,34369.84,0,0,0
B000348,10134,C032,Luca,Resort,2024-05-09,2024-05-15,6.26,17642.2,0,0,0
B000349,10134,C014,Charlotte,Luxury Campaign,2024-09-21,2024-09-23,2.58,14190.89,0,0,1
B000350,10134,C037,Amélie,Editorial,2024-05-04,2024-05-06,2.53,17990.83,0,0,1
B000351,10134,C037,Luca,Lookbook,2025-09-03,2025-09-07,4.74,21017.76,0,0,0
B000352,10134,C014,Charlotte,Beauty Campaign,2024-11-03,2024-11-05,2.21,8841.74,0,0,1
B000353,10134,C004,Amélie,Lookbook,2024-11-04,2024-11-08,4.16,19331.1,0,0,1
B000354,10134,C030,Luca,Editorial,2024-05-15,2024-05-16,1.38,55269.13,0,0,1
B000355,10134,C028,Theo,Cruise,2025-07-28,2025-07-29,0.87,17415.93,0,0,1
B000356,10134,C018,Charlotte,Runway,2025-05-19,2025-05-21,2.21,6653.3,0,0,1
B000357,10134,C004,Marco,Luxury Campaign,2025-10-03,2025-10-06,3.43,48714.5,0,0,0
B000358,10134,C014,Sofia,Editorial,2025-03-16,2025-03-17,0.89,3518.18,0,0,1
B000359,10134,C001,Luca,Editorial,2024-10-01,2024-10-04,3.02,3065.25,0,0,1
B000360,10134,C014,Amélie,Luxury Campaign,2025-02-13,2025-02-17,4.43,10547.46,1,0,0
B000361,10134,C009,Marco,Luxury Campaign,2024-07-13,2024-07-15,2.58,8454.92,0,0,1
B000362,10685,C011,Theo,Beauty Campaign,2025-03-19,2025-03-20,1.57,9333.19,0,0,1
B000363,10685,C034,Amélie,Beauty Campaign,2025-02-24,2025-02-26,2.34,31284.21,0,0,1
B000364,10685,C034,Marco,Luxury Campaign,2024-08-31,2024-09-04,4.11,10691.99,0,0,1
B000365,10685,C016,Charlotte,Pre-Fall,2024-11-21,2024-11-22,1.79,3280.22,0,0,1
B000366,10685,C020,Theo,Cruise,2025-09-13,2025-09-15,2.36,14104.46,0,0,0
B000367,10685,C016,Theo,Beauty Campaign,2024-12-14,2024-12-16,2.51,13537.47,0,0,1
B000368,10685,C010,Sofia,Lookbook,2025-09-26,2025-09-27,0.67,18423.27,0,0,1
B000369,10685,C010,Amélie,Beauty Campaign,2025-08-16,2025-08-18,2.8,18758.7,0,0,1
B000370,10685,C010,Luca,Editorial,2025-06-27,2025-06-28,1.28,4459.55,0,0,1
B000371,10685,C033,Theo,Luxury Campaign,2025-09-26,2025-09-28,2.9,14924.23,0,0,1
B000372,10685,C018,Marco,Runway,2025-03-22,2025-03-25,3.83,12284.82,0,0,1
B000373,10685,C005,Theo,Luxury Campaign,2025-01-03,2025-01-09,6.36,10241.43,0,0,0
B000374,10685,C034,Amélie,Luxury Campaign,2025-03-24,2025-03-28,4.13,37850.45,0,0,0
B000375,10765,C030,Theo,Fall/Winter,2024-05-21,2024-05-23,2.91,8269.82,0,0,0
B000376,10765,C008,Theo,Lookbook,2025-09-07,2025-09-08,1.05,12580.01,0,0,1
B000377,10765,C030,Amélie,Fragrance,2025-10-03,2025-10-06,3.02,12997.53,0,0,1
B000378,10765,C030,Theo,Runway,2024-06-13,2024-06-15,2.07,14449.55,0,0,1
B000379,10765,C008,Charlotte,Editorial,2024-10-16,2024-10-18,2.13,6285.41,0,0,1
B000380,10765,C037,Sofia,Fall/Winter,2025-02-23,2025-02-26,3.74,5742.46,0,0,1
B000381,10436,C001,Sofia,Resort,2024-08-10,2024-08-11,0.61,3387.87,0,0,1
B000382,10436,C027,Theo,Cruise,2025-09-30,2025-10-06,6.45,23351.4,0,0,0
B000383,10436,C037,Amélie,Lookbook,2024-09-12,2024-09-15,3.55,5436.57,1,0,1
B000384,10120,C003,Amélie,Fragrance,2025-08-11,2025-08-13,2.85,4435.72,0,0,1
B000385,10120,C003,Luca,Spring/Summer,2025-09-20,2025-09-21,1.81,13353.18,0,0,1
B000386,10120,C035,Amélie,Cruise,2025-04-10,2025-04-16,6.72,2261.21,1,0,0
B000387,10120,C026,Theo,Editorial,2024-10-28,2024-10-31,3.39,9873.81,0,1,1
B000388,10120,C020,Luca,Runway,2025-03-02,2025-03-03,1.19,13758.01,0,0,1
B000389,10120,C034,Sofia,Fragrance,2025-04-14,2025-04-15,1.6,18583.09,0,0,1
B000390,10120,C030,Theo,Runway,2024-10-19,2024-10-20,0.65,5132.32,0,0,1
B000391,10120,C026,Marco,Editorial,2025-09-12,2025-09-14,2.77,13876.56,0,0,0
B000392,10120,C026,Amélie,Lookbook,2025-10-08,2025-10-10,2.24,10339.42,0,0,1
B000393,10120,C026,Luca,Runway,2024-11-18,2024-11-22,4.69,11972.7,0,0,0
B000394,10120,C003,Amélie,Cruise,2024-12-15,2024-12-17,2.94,28177.26,0,0,1
B000395,10120,C020,Charlotte,Spring/Summer,2024-05-19,2024-05-20,2.0,30650.42,1,0,1
B000396,10120,C023,Charlotte,Luxury Campaign,2025-05-05,2025-05-06,0.1,20280.32,0,0,1
B000397,10120,C003,Amélie,Beauty Campaign,2025-05-12,2025-05-17,5.54,50052.6,0,0,0
B000398,10049,C015,Theo,Resort,2025-04-13,2025-04-14,1.59,25284.57,0,0,1
B000399,10049,C038,Amélie,Spring/Summer,2024-09-12,2024-09-18,6.1,4707.37,0,0,0
B000400,10049,C001,Charlotte,Beauty Campaign,2024-11-12,2024-11-17,5.65,18708.45,0,0,0
B000401,10049,C004,Theo,Resort,2024-11-10,2024-11-13,3.14,6972.19,0,0,1
B000402,10049,C001,Marco,Luxury Campaign,2025-04-27,2025-04-29,2.74,37322.11,0,0,1
B000403,10049,C009,Theo,Editorial,2024-09-14,2024-09-15,1.6,1967.57,0,0,1
B000404,10049,C001,Marco,Beauty Campaign,2024-10-28,2024-10-31,3.49,8213.54,1,0,1
B000405,10049,C034,Amélie,Cruise,2024-10-01,2024-10-02,1.78,21289.12,0,0,1
B000406,10049,C023,Sofia,Beauty Campaign,2025-07-15,2025-07-17,2.18,8826.27,0,0,0
B000407,10049,C009,Charlotte,Editorial,2025-08-10,2025-08-13,3.68,8013.59,0,0,1
B000408,10049,C034,Marco,Lookbook,2025-09-03,2025-09-05,2.16,22898.69,0,0,1
B000409,10049,C018,Amélie,Pre-Fall,2025-02-15,2025-02-17,2.5,10159.97,0,0,1
B000410,10049,C037,Marco,Luxury Campaign,2025-09-26,2025-10-03,7.37,9505.51,0,0,0
B000411,10049,C023,Sofia,Spring/Summer,2024-09-14,2024-09-15,1.94,10999.66,1,0,1
B000412,10049,C013,Amélie,Beauty Campaign,2024-09-05,2024-09-07,2.65,3847.74,0,0,1
B000413,10049,C009,Sofia,Editorial,2025-08-11,2025-08-12,0.64,3223.23,0,1,1
B000414,10049,C001,Charlotte,Resort,2024-08-08,2024-08-10,2.87,9923.08,0,0,1
B000415,10159,C005,Sofia,Lookbook,2025-06-20,2025-06-25,5.66,19160.04,0,0,0
B000416,10159,C010,Theo,Resort,2025-03-06,2025-03-07,0.86,4844.13,0,0,1
B000417,10154,C023,Luca,Cruise,2024-05-07,2024-05-13,6.96,2020.56,0,0,0
B000418,10154,C009,Sofia,Resort,2025-09-30,2025-10-02,2.75,20850.42,0,0,1
B000419,10154,C037,Sofia,Editorial,2024-06-17,2024-06-20,3.14,2346.42,0,0,1
B000420,10154,C032,Charlotte,Resort,2025-05-11,2025-05-12,1.93,6924.26,0,1,1
B000421,10154,C021,Luca,Fall/Winter,2024-06-20,2024-06-23,3.33,21136.43,0,0,0
B000422,10154,C036,Theo,Runway,2024-08-14,2024-08-16,2.43,14501.21,0,0,1
B000423,10154,C036,Luca,Luxury Campaign,2025-06-17,2025-06-19,2.12,17313.1,0,0,1
B000424,10154,C012,Sofia,Runway,2024-11-16,2024-11-19,3.51,3988.66,0,0,0
B000425,10154,C011,Charlotte,Beauty Campaign,2024-10-30,2024-11-07,8.17,9695.74,1,0,0
B000426,10665,C011,Amélie,Runway,2024-06-26,2024-07-01,5.47,6427.97,0,0,1
B000427,10665,C031,Sofia,Editorial,2025-04-10,2025-04-11,1.32,3157.44,0,0,1
B000428,10665,C017,Theo,Lookbook,2025-03-11,2025-03-13,2.79,21109.85,0,0,0
B000429,10665,C035,Amélie,Fragrance,2025-05-19,2025-05-20,1.55,26298.95,0,0,1
B000430,10151,C036,Sofia,Runway,2024-11-18,2024-11-19,1.0,25202.97,0,0,1
B000431,9832,C007,Luca,Beauty Campaign,2025-10-08,2025-10-09,0.1,13391.5,0,0,1
B000432,9832,C017,Charlotte,Runway,2025-02-24,2025-02-26,2.03,4362.04,0,0,1
B000433,9832,C002,Marco,Editorial,2024-11-25,2024-11-28,3.01,4861.91,0,0,0
B000434,9832,C010,Sofia,Fall/Winter,2025-03-25,2025-03-28,3.72,10032.01,1,0,0
B000435,9832,C015,Sofia,Pre-Fall,2024-10-18,2024-10-21,3.05,7568.42,1,0,1
B000436,9832,C002,Amélie,Spring/Summer,2024-12-27,2024-12-29,2.28,5195.3,0,0,1
B000437,10152,C010,Marco,Runway,2024-06-30,2024-07-03,3.76,12639.35,0,0,0
B000438,10152,C009,Luca,Editorial,2024-10-09,2024-10-13,4.74,6456.73,0,0,0
B000439,10152,C010,Amélie,Spring/Summer,2025-06-19,2025-06-23,4.31,4497.89,0,0,1
B000440,10152,C036,Amélie,Lookbook,2025-05-19,2025-05-20,1.41,4813.14,0,0,1
B000441,10152,C034,Sofia,Luxury Campaign,2025-02-05,2025-02-11,6.52,6345.43,0,0,0
B000442,10152,C007,Charlotte,Runway,2025-05-12,2025-05-14,2.9,9597.09,0,0,1
B000443,10152,C027,Sofia,Fragrance,2025-06-09,2025-06-12,3.28,9208.28,0,0,0
B000444,10152,C033,Luca,Resort,2025-06-01,2025-06-02,1.56,19655.04,0,0,1
B000445,10152,C022,Charlotte,Cruise,2025-03-27,2025-03-30,3.37,4798.17,1,0,1
B000446,10152,C033,Theo,Fragrance,2024-06-11,2024-06-19,8.46,10734.54,0,0,0
B000447,10152,C015,Charlotte,Resort,2025-03-28,2025-03-30,2.3,32637.16,0,0,0
B000448,9694,C027,Amélie,Beauty Campaign,2025-03-05,2025-03-08,3.38,21712.62,0,0,1
B000449,9694,C006,Sofia,Pre-Fall,2024-10-20,2024-10-21,0.1,20467.58,0,0,1
B000450,9694,C027,Luca,Cruise,2025-03-24,2025-03-26,2.92,19956.67,0,0,0
B000451,9694,C027,Luca,Fragrance,2024-09-07,2024-09-09,2.77,13344.54,0,0,1
B000452,10114,C012,Marco,Beauty Campaign,2025-09-06,2025-09-08,2.44,17796.6,0,0,1
B000453,10114,C016,Marco,Runway,2025-04-18,2025-04-21,3.83,8047.14,0,0,0
B000454,10114,C014,Charlotte,Cruise,2024-07-15,2024-07-16,1.51,15024.73,0,0,0
B000455,10114,C016,Marco,Editorial,2024-10-31,2024-11-03,3.11,3767.81,0,0,0
B000456,10114,C002,Theo,Spring/Summer,2025-09-02,2025-09-09,7.25,42986.79,0,0,0
B000457,10114,C002,Charlotte,Lookbook,2025-05-23,2025-05-28,5.47,1377.74,0,0,0
B000458,10114,C026,Theo,Spring/Summer,2025-09-20,2025-09-25,5.49,22211.24,1,0,0
B000459,10114,C036,Theo,Fall/Winter,2024-04-27,2024-05-02,5.41,8746.48,0,0,0
B000460,10114,C002,Theo,Fall/Winter,2025-03-18,2025-03-20,2.31,7672.38,0,0,1
B000461,10114,C020,Amélie,Cruise,2025-09-18,2025-09-21,3.21,10479.82,0,0,0
B000462,10096,C019,Theo,Fragrance,2025-02-21,2025-02-24,3.05,3548.4,0,0,0
B000463,10096,C037,Theo,Cruise,2025-10-15,2025-10-16,1.08,5636.95,0,0,1
B000464,10096,C023,Theo,Pre-Fall,2024-08-03,2024-08-04,0.62,3363.71,0,0,1
B000465,10096,C026,Sofia,Beauty Campaign,2024-08-27,2024-09-03,7.76,7881.44,0,0,0
B000466,10096,C009,Marco,Lookbook,2024-05-01,2024-05-05,4.58,8414.4,0,0,0
B000467,10055,C030,Sofia,Runway,2025-04-21,2025-04-24,3.03,9099.47,0,0,1
B000468,10055,C031,Luca,Cruise,2024-06-20,2024-06-23,3.55,19179.95,0,0,1
B000469,10055,C020,Sofia,Resort,2025-01-01,2025-01-03,2.95,6029.29,0,0,1
B000470,10055,C010,Amélie,Lookbook,2025-09-21,2025-09-26,5.21,24543.06,0,0,0
B000471,10055,C012,Charlotte,Lookbook,2025-06-18,2025-06-19,1.07,5153.11,0,1,1
B000472,10055,C037,Amélie,Resort,2025-04-05,2025-04-07,2.74,16213.3,0,0,1
B000473,10055,C027,Amélie,Luxury Campaign,2025-10-14,2025-10-16,2.96,9627.21,0,0,1
B000474,10055,C027,Sofia,Editorial,2025-09-24,2025-09-26,2.96,5898.52,0,0,1
B000475,10055,C016,Marco,Cruise,2025-09-22,2025-09-25,3.67,28792.71,0,0,1
B000476,10743,C020,Sofia,Fragrance,2025-04-17,2025-04-18,0.83,12035.82,0,0,1
B000477,10743,C009,Marco,Lookbook,2025-09-29,2025-10-02,3.1,7605.79,0,0,1
B000478,10743,C026,Marco,Editorial,2025-07-11,2025-07-12,1.52,6420.03,0,0,1
B000479,10743,C020,Amélie,Resort,2024-11-10,2024-11-12,2.26,5739.38,1,0,1
B000480,10743,C035,Theo,Spring/Summer,2024-09-27,2024-09-28,0.89,19381.43,1,0,1
B000481,10743,C004,Sofia,Runway,2025-03-11,2025-03-14,3.25,4871.71,0,0,1
B000482,10743,C014,Theo,Fall/Winter,2025-09-24,2025-09-26,2.27,12751.39,0,0,1
B000483,10743,C020,Amélie,Spring/Summer,2024-05-11,2024-05-14,3.22,8898.02,0,0,1
B000484,10743,C019,Sofia,Runway,2025-05-24,2025-05-25,1.05,2209.51,0,0,1
B000485,9923,C017,Theo,Editorial,2024-07-18,2024-07-21,3.4,6574.11,0,0,1
B000486,9923,C017,Sofia,Editorial,2024-09-21,2024-09-23,2.07,21294.99,0,0,0
B000487,9923,C017,Charlotte,Pre-Fall,2024-05-24,2024-05-30,6.5,20381.79,1,0,0
B000488,9923,C034,Marco,Fragrance,2024-07-14,2024-07-15,0.22,73679.48,0,0,0
B000489,9923,C024,Amélie,Fall/Winter,2024-05-13,2024-05-19,6.54,9872.56,0,0,0
B000490,9923,C001,Charlotte,Resort,2025-09-21,2025-09-25,4.87,3591.25,0,0,0
B000491,9923,C018,Amélie,Runway,2024-09-05,2024-09-08,3.72,26960.21,0,0,0
B000492,9923,C018,Luca,Luxury Campaign,2024-07-31,2024-08-01,0.45,17536.95,0,0,1
B000493,9923,C008,Marco,Resort,2025-03-22,2025-03-27,5.81,26761.39,0,1,0
B000494,10496,C031,Theo,Lookbook,2024-07-09,2024-07-11,2.93,2498.05,0,0,0
B000495,10496,C031,Amélie,Runway,2024-08-18,2024-08-24,6.92,10135.65,0,0,0
B000496,10496,C037,Theo,Fall/Winter,2024-07-19,2024-07-22,3.54,2663.86,0,0,1
B000497,10496,C022,Amélie,Pre-Fall,2025-01-14,2025-01-15,1.13,32602.47,0,0,1
B000498,10496,C031,Marco,Lookbook,2024-10-31,2024-11-03,3.29,30619.43,0,0,1
B000499,10496,C004,Luca,Editorial,2025-01-19,2025-01-24,5.89,3219.68,0,0,0
B000500,10496,C005,Charlotte,Beauty Campaign,2025-10-03,2025-10-05,2.94,12090.6,0,0,0
B000501,10496,C037,Luca,Luxury Campaign,2024-10-30,2024-11-02,3.59,10218.29,0,0,1
B000502,10496,C006,Luca,Beauty Campaign,2024-10-26,2024-10-30,4.04,18854.72,0,0,1
B000503,10115,C001,Theo,Runway,2024-09-18,2024-09-19,1.71,12277.36,0,0,1
B000504,10115,C002,Charlotte,Fall/Winter,2024-10-20,2024-10-22,2.14,9765.85,0,0,1
B000505,10115,C030,Luca,Lookbook,2025-08-02,2025-08-03,0.73,3775.47,0,0,0
B000506,10115,C007,Amélie,Runway,2025-03-29,2025-04-02,4.57,14746.09,1,0,0
B000507,10115,C019,Amélie,Pre-Fall,2025-08-24,2025-08-26,2.12,15725.76,0,0,1
B000508,10115,C026,Marco,Luxury Campaign,2025-04-21,2025-04-24,3.39,11463.23,1,0,0
B000509,10115,C014,Charlotte,Beauty Campaign,2025-10-03,2025-10-06,3.57,3354.4,0,0,1
B000510,10139,C030,Luca,Fall/Winter,2024-12-18,2024-12-19,1.81,14366.04,0,0,1
B000511,10139,C036,Sofia,Luxury Campaign,2025-10-03,2025-10-06,3.32,5069.27,0,0,1
B000512,10139,C038,Luca,Resort,2025-02-20,2025-02-24,4.78,14020.19,0,0,0
B000513,10139,C021,Sofia,Pre-Fall,2025-04-02,2025-04-10,8.64,12165.34,0,0,0
B000514,10139,C018,Luca,Luxury Campaign,2025-04-29,2025-05-03,4.47,33483.24,0,0,0
B000515,10139,C038,Charlotte,Pre-Fall,2025-04-22,2025-04-26,4.37,5111.57,0,0,0
B000516,10139,C014,Theo,Cruise,2025-02-28,2025-03-04,4.94,6178.32,0,0,0
B000517,10139,C012,Theo,Pre-Fall,2024-08-24,2024-08-27,3.08,9167.16,0,0,1
B000518,10139,C003,Luca,Spring/Summer,2025-07-27,2025-07-29,2.4,17656.6,0,0,1
B000519,10139,C035,Amélie,Fragrance,2024-09-01,2024-09-08,7.46,23867.1,0,0,0
B000520,10139,C027,Marco,Editorial,2024-09-28,2024-10-01,3.48,28222.14,0,0,1
B000521,10139,C010,Sofia,Editorial,2025-03-21,2025-03-25,4.33,4017.38,0,0,0
B000522,10139,C007,Marco,Spring/Summer,2025-03-07,2025-03-08,1.6,6337.48,0,0,1
B000523,10139,C016,Charlotte,Pre-Fall,2025-04-13,2025-04-16,3.98,10320.73,0,0,0
B000524,10052,C021,Marco,Pre-Fall,2025-07-02,2025-07-06,4.54,10160.16,1,0,0
B000525,10052,C029,Theo,Cruise,2025-03-09,2025-03-11,2.16,64807.4,0,0,0
B000526,10052,C013,Theo,Cruise,2024-09-28,2024-10-01,3.61,43558.15,0,0,1
B000527,10052,C033,Sofia,Runway,2025-06-05,2025-06-06,1.78,28954.42,0,0,1
B000528,10052,C025,Marco,Editorial,2025-02-17,2025-02-18,0.1,15038.6,0,0,1
B000529,10052,C004,Luca,Fall/Winter,2024-12-12,2024-12-14,2.99,20616.12,0,0,1
B000530,10052,C005,Sofia,Lookbook,2025-01-27,2025-01-30,3.19,7252.07,0,0,0
B000531,10052,C025,Marco,Pre-Fall,2025-06-02,2025-06-04,2.9,7128.24,0,0,1
B000532,10247,C034,Theo,Beauty Campaign,2024-12-02,2024-12-04,2.52,6142.08,0,0,1
B000533,10247,C029,Sofia,Cruise,2024-11-10,2024-11-11,0.69,6160.6,0,0,1
B000534,10247,C024,Luca,Luxury Campaign,2025-03-31,2025-04-01,0.4,8349.04,0,0,1
B000535,10247,C002,Sofia,Pre-Fall,2025-08-26,2025-08-28,2.35,12816.85,0,0,1
B000536,10247,C019,Amélie,Cruise,2024-10-17,2024-10-20,3.57,30566.15,0,0,1
B000537,10247,C035,Theo,Pre-Fall,2025-03-17,2025-03-19,2.66,35730.67,1,0,1
B000538,9902,C028,Theo,Fall/Winter,2025-09-22,2025-09-24,2.86,3612.64,0,0,1
B000539,9902,C028,Charlotte,Editorial,2025-01-07,2025-01-11,4.34,1732.92,1,0,1
B000540,9902,C015,Luca,Fragrance,2025-07-22,2025-07-23,1.24,3626.5,0,0,1
B000541,9902,C007,Sofia,Runway,2025-02-03,2025-02-05,2.9,2348.94,0,0,1
B000542,9902,C003,Charlotte,Runway,2024-08-31,2024-09-01,1.24,20628.06,0,0,1
B000543,9902,C014,Luca,Fragrance,2025-01-29,2025-02-03,5.02,22835.71,0,0,0
B000544,9902,C014,Sofia,Pre-Fall,2024-10-29,2024-11-04,6.12,6003.88,0,0,0
B000545,9902,C020,Theo,Fall/Winter,2024-09-02,2024-09-05,3.79,10053.58,0,0,1
B000546,9902,C001,Amélie,Pre-Fall,2025-02-26,2025-02-28,2.22,28894.66,0,0,0
B000547,9902,C035,Theo,Pre-Fall,2024-09-08,2024-09-10,2.77,13359.21,0,0,1
B000548,9902,C014,Marco,Luxury Campaign,2024-10-02,2024-10-04,2.12,7464.55,0,0,0
B000549,9902,C028,Sofia,Cruise,2025-01-30,2025-02-01,2.52,3216.33,0,0,1
B000550,9902,C036,Theo,Beauty Campaign,2024-09-18,2024-09-23,5.91,22237.62,0,0,0
B000551,9902,C007,Marco,Spring/Summer,2025-09-27,2025-10-01,4.49,9681.54,0,0,1
B000552,10141,C021,Charlotte,Beauty Campaign,2024-05-23,2024-05-26,3.86,12918.04,0,0,0
B000553,10141,C019,Marco,Lookbook,2025-05-07,2025-05-08,1.93,36685.53,0,0,0
B000554,10141,C016,Marco,Fall/Winter,2024-10-04,2024-10-06,2.22,35285.43,0,0,1
B000555,10141,C007,Luca,Beauty Campaign,2025-03-04,2025-03-05,1.32,5918.24,0,0,0
B000556,10141,C019,Marco,Runway,2025-08-11,2025-08-14,3.28,19315.31,0,0,1
B000557,10141,C019,Amélie,Fall/Winter,2024-12-31,2025-01-03,3.31,11493.72,1,0,0
B000558,10141,C038,Amélie,Spring/Summer,2024-11-08,2024-11-09,1.26,6852.76,0,0,0
B000559,10141,C019,Luca,Beauty Campaign,2024-05-10,2024-05-11,1.6,40759.43,0,0,1
B000560,10141,C019,Luca,Resort,2025-09-20,2025-09-21,0.6,25427.91,0,0,1
B000561,10141,C016,Marco,Spring/Summer,2025-08-14,2025-08-16,2.11,18064.01,0,0,1
B000562,10141,C019,Theo,Fall/Winter,2024-08-20,2024-08-23,3.13,20367.86,0,0,1
B000563,10041,C003,Sofia,Lookbook,2024-11-21,2024-11-22,1.92,11112.77,0,0,0
B000564,10041,C003,Theo,Beauty Campaign,2024-05-18,2024-05-22,4.61,14847.14,0,0,0
B000565,10041,C034,Charlotte,Fall/Winter,2024-05-03,2024-05-04,1.23,3146.17,0,0,1
B000566,10041,C025,Amélie,Fall/Winter,2024-12-08,2024-12-09,0.13,4274.16,0,0,1
B000567,10041,C023,Charlotte,Pre-Fall,2025-02-12,2025-02-14,2.54,12782.92,0,0,1
B000568,10041,C015,Marco,Editorial,2025-08-27,2025-08-30,3.8,16748.7,0,0,1
B000569,10041,C003,Sofia,Cruise,2025-03-27,2025-03-30,3.69,5125.6,1,0,1
B000570,10041,C023,Luca,Luxury Campaign,2025-02-22,2025-02-24,2.35,32726.04,0,0,0
B000571,10742,C002,Marco,Cruise,2024-12-18,2024-12-21,3.41,19211.92,1,0,1
B000572,10742,C038,Marco,Resort,2025-02-05,2025-02-08,3.34,12832.99,1,0,1
B000573,10742,C038,Theo,Fall/Winter,2024-09-28,2024-09-30,2.95,9060.6,1,0,1
B000574,10742,C014,Luca,Beauty Campaign,2024-06-27,2024-07-02,5.17,7977.82,0,0,0
B000575,10742,C010,Theo,Spring/Summer,2025-02-22,2025-02-23,0.47,22049.4,0,0,1
B000576,10742,C038,Amélie,Lookbook,2025-03-28,2025-03-29,0.91,19129.9,0,0,1
B000577,10742,C031,Sofia,Editorial,2024-12-10,2024-12-11,0.9,22365.14,0,0,1
B000578,10742,C007,Amélie,Resort,2024-09-08,2024-09-13,5.18,10736.15,0,0,0
B000579,10742,C031,Sofia,Runway,2024-10-18,2024-10-23,5.89,22863.4,0,0,0
B000580,10156,C034,Luca,Luxury Campaign,2024-10-26,2024-10-27,1.96,4672.49,0,0,1
B000581,10156,C037,Marco,Runway,2024-05-11,2024-05-12,0.94,8283.5,0,0,1
B000582,10156,C034,Theo,Pre-Fall,2025-05-09,2025-05-12,3.67,5929.33,0,0,0
B000583,10156,C034,Marco,Runway,2025-10-08,2025-10-11,3.69,8764.48,0,0,0
B000584,10156,C028,Charlotte,Runway,2025-06-16,2025-06-19,3.64,4985.62,0,0,0
B000585,10156,C034,Luca,Lookbook,2025-05-12,2025-05-16,4.84,2895.5,0,0,1
B000586,10156,C034,Luca,Beauty Campaign,2025-03-03,2025-03-10,7.61,37929.62,0,0,0
B000587,10168,C020,Theo,Fall/Winter,2024-06-09,2024-06-13,4.29,12432.25,0,0,0
B000588,10168,C023,Sofia,Luxury Campaign,2024-10-09,2024-10-12,3.55,35205.92,0,0,0
B000589,10168,C011,Amélie,Luxury Campaign,2024-12-04,2024-12-07,3.21,30124.14,0,1,0
B000590,10168,C023,Charlotte,Luxury Campaign,2024-12-11,2024-12-15,4.04,78889.85,0,0,0
B000591,10168,C037,Theo,Luxury Campaign,2024-09-20,2024-09-21,1.66,14824.73,0,0,1
B000592,10168,C020,Theo,Fall/Winter,2025-04-09,2025-04-15,6.33,16266.11,0,1,0
B000593,10168,C020,Theo,Editorial,2024-10-15,2024-10-19,4.21,8138.35,0,0,0
B000594,10168,C020,Marco,Lookbook,2024-05-08,2024-05-10,2.47,24943.85,0,1,1
B000595,10168,C037,Marco,Lookbook,2025-02-01,2025-02-02,1.35,13750.02,0,0,1
B000596,10168,C005,Sofia,Runway,2025-08-26,2025-08-28,2.12,2288.91,0,0,1
B000597,10168,C037,Luca,Cruise,2024-08-30,2024-09-03,4.51,15307.31,0,0,0
B000598,10168,C037,Charlotte,Pre-Fall,2024-09-07,2024-09-11,4.41,7679.27,0,0,1
B000599,10168,C023,Sofia,Fragrance,2025-02-08,2025-02-11,3.5,28776.83,0,0,1
B000600,10650,C025,Amélie,Beauty Campaign,2025-06-08,2025-06-12,4.64,8766.65,0,0,1
B000601,10650,C025,Theo,Fall/Winter,2024-12-22,2024-12-25,3.87,12245.38,0,0,1
B000602,10650,C025,Charlotte,Pre-Fall,2025-10-11,2025-10-15,4.3,3235.81,0,0,1
B000603,10650,C037,Luca,Lookbook,2025-10-07,2025-10-10,3.93,34569.87,1,0,1
B000604,10650,C037,Marco,Fragrance,2025-03-05,2025-03-06,1.82,19337.94,0,0,1
B000605,10650,C037,Marco,Cruise,2024-10-02,2024-10-03,1.84,14539.85,0,0,1
B000606,10650,C023,Amélie,Resort,2024-10-06,2024-10-11,5.07,9022.21,0,0,0
B000607,10650,C001,Charlotte,Pre-Fall,2025-07-26,2025-07-27,1.61,30954.62,0,0,0
B000608,10650,C037,Sofia,Fragrance,2025-05-24,2025-05-27,3.21,13890.2,0,0,0
B000609,10650,C037,Luca,Resort,2024-06-17,2024-06-19,2.49,7994.4,1,0,1
B000610,10650,C025,Luca,Luxury Campaign,2024-10-20,2024-10-27,7.2,16987.48,0,0,0
B000611,10650,C030,Marco,Lookbook,2025-08-09,2025-08-14,5.11,33079.61,0,1,0
B000612,9925,C024,Sofia,Fragrance,2025-02-21,2025-02-25,4.77,41011.26,0,0,0
B000613,9925,C021,Charlotte,Cruise,2025-05-10,2025-05-12,2.99,6275.52,0,0,1
B000614,9925,C007,Marco,Spring/Summer,2024-07-07,2024-07-11,4.78,9067.83,1,0,0
B000615,9925,C016,Marco,Pre-Fall,2024-11-20,2024-11-22,2.77,11346.28,0,0,0
B000616,9925,C031,Theo,Editorial,2024-06-19,2024-06-25,6.49,4733.64,0,0,0
B000617,9925,C032,Amélie,Fragrance,2024-06-01,2024-06-03,2.96,32613.7,0,0,1
B000618,9925,C004,Theo,Cruise,2025-01-11,2025-01-13,2.13,17333.88,0,0,1
B000619,9925,C017,Charlotte,Lookbook,2025-05-13,2025-05-15,2.97,10479.19,0,0,1
B000620,9925,C021,Sofia,Fall/Winter,2025-10-06,2025-10-08,2.09,10616.29,0,0,1
B000621,9925,C021,Theo,Lookbook,2024-10-26,2024-11-01,6.47,11521.78,0,0,0
B000622,9925,C024,Marco,Fragrance,2025-04-16,2025-04-20,4.53,6882.24,0,0,1
B000623,9925,C027,Amélie,Fall/Winter,2024-05-19,2024-05-22,3.05,25378.58,0,0,0
B000624,9925,C021,Sofia,Lookbook,2024-05-22,2024-05-23,0.1,4531.1,0,0,1
B000625,9925,C021,Luca,Lookbook,2025-04-06,2025-04-11,5.49,7614.72,0,0,0
B000626,9925,C007,Theo,Resort,2025-03-15,2025-03-19,4.39,20015.78,0,0,1
B000627,10150,C014,Sofia,Pre-Fall,2025-04-05,2025-04-08,3.28,5445.22,1,0,1
B000628,10150,C014,Luca,Spring/Summer,2025-03-17,2025-03-19,2.32,5581.88,0,0,0
B000629,10150,C014,Marco,Beauty Campaign,2025-04-10,2025-04-13,3.16,7132.97,0,0,1
B000630,10150,C021,Charlotte,Beauty Campaign,2024-09-02,2024-09-06,4.63,14417.67,0,0,1
B000631,10150,C011,Theo,Pre-Fall,2024-10-13,2024-10-15,2.86,20937.0,0,0,1
B000632,10150,C028,Charlotte,Pre-Fall,2025-02-17,2025-02-23,6.77,21017.37,0,0,0
B000633,10150,C006,Marco,Beauty Campaign,2024-10-26,2024-10-28,2.07,23939.14,0,0,1
B000634,10150,C006,Theo,Lookbook,2025-01-24,2025-01-29,5.76,19286.1,0,0,1
B000635,10298,C015,Sofia,Editorial,2024-04-30,2024-05-05,5.58,7387.52,0,0,0
B000636,10298,C001,Charlotte,Fall/Winter,2025-09-04,2025-09-07,3.88,25187.71,0,0,1
B000637,10298,C034,Charlotte,Spring/Summer,2025-01-12,2025-01-15,3.6,14734.0,0,0,1
B000638,10298,C020,Marco,Luxury Campaign,2025-05-14,2025-05-18,4.98,16547.51,0,0,0
B000639,10298,C029,Charlotte,Fragrance,2025-04-19,2025-04-20,0.73,26028.52,0,0,1
B000640,10298,C001,Charlotte,Editorial,2025-08-30,2025-08-31,0.58,39602.5,0,0,1
B000641,10298,C031,Marco,Cruise,2024-11-11,2024-11-12,0.99,24236.75,1,1,1
B000642,10298,C020,Charlotte,Lookbook,2024-05-12,2024-05-13,0.51,21060.08,0,0,1
B000643,10033,C004,Luca,Resort,2024-04-30,2024-05-05,5.81,3940.89,0,0,0
B000644,10033,C018,Marco,Cruise,2024-09-21,2024-09-27,6.41,15783.73,0,0,0
B000645,10033,C004,Luca,Runway,2025-03-22,2025-03-25,3.65,12037.0,0,0,0
B000646,10033,C021,Sofia,Resort,2025-08-29,2025-08-31,2.77,17482.7,0,0,1
B000647,10033,C018,Theo,Fragrance,2025-01-23,2025-01-25,2.67,7616.57,0,0,1
B000648,10033,C018,Charlotte,Luxury Campaign,2025-08-12,2025-08-13,1.64,15371.42,0,0,1
B000649,10033,C010,Theo,Editorial,2025-09-23,2025-09-24,1.77,10069.24,0,0,1
B000650,10033,C024,Theo,Runway,2025-03-02,2025-03-04,2.84,9313.97,0,0,1
B000651,10624,C009,Theo,Beauty Campaign,2025-05-07,2025-05-10,3.39,11354.85,0,0,0
B000652,10624,C029,Theo,Cruise,2024-10-17,2024-10-23,6.15,19659.67,1,0,0
B000653,10624,C032,Luca,Beauty Campaign,2025-02-01,2025-02-02,0.5,16848.37,0,0,1
B000654,10624,C023,Sofia,Lookbook,2025-10-01,2025-10-03,2.43,15248.7,0,0,1
B000655,10624,C005,Charlotte,Pre-Fall,2025-03-07,2025-03-11,4.15,10794.72,1,0,0
B000656,10624,C010,Amélie,Pre-Fall,2024-11-18,2024-11-20,2.75,5964.04,0,0,1
B000657,10624,C010,Sofia,Cruise,2025-03-09,2025-03-15,6.05,34044.04,0,0,0
B000658,10624,C010,Charlotte,Beauty Campaign,2024-10-24,2024-10-30,6.02,13378.02,0,0,0
B000659,10624,C008,Marco,Runway,2025-09-01,2025-09-02,1.27,44137.24,0,0,1
B000660,10624,C004,Theo,Beauty Campaign,2025-08-24,2025-08-25,0.99,3718.45,0,1,1
B000661,10624,C034,Charlotte,Spring/Summer,2024-08-17,2024-08-22,5.24,22312.0,0,0,0
B000662,10352,C006,Sofia,Beauty Campaign,2025-03-15,2025-03-16,1.99,4106.53,0,0,0
B000663,10352,C024,Amélie,Editorial,2025-09-17,2025-09-23,6.95,10426.4,0,0,0
B000664,10352,C005,Theo,Cruise,2025-07-02,2025-07-08,6.41,11319.26,0,0,0
B000665,10352,C005,Marco,Pre-Fall,2025-02-22,2025-02-26,4.85,13786.26,0,0,1
B000666,10352,C007,Theo,Fall/Winter,2025-06-05,2025-06-07,2.27,7318.86,0,0,1
B000667,10352,C011,Theo,Resort,2025-08-08,2025-08-10,2.76,10860.59,0,0,0
B000668,10078,C024,Theo,Luxury Campaign,2024-08-12,2024-08-15,3.5,14667.58,0,0,1
B000669,10078,C021,Theo,Cruise,2025-01-04,2025-01-07,3.61,23993.65,0,0,1
B000670,10078,C029,Charlotte,Luxury Campaign,2025-08-16,2025-08-17,1.4,22336.26,1,1,1
B000671,10078,C023,Charlotte,Editorial,2024-08-13,2024-08-16,3.97,4337.21,0,0,1
B000672,10078,C018,Sofia,Pre-Fall,2024-11-10,2024-11-13,3.27,3410.64,0,0,1
B000673,10078,C023,Sofia,Resort,2024-09-03,2024-09-04,1.04,22273.24,0,0,1
B000674,10078,C023,Marco,Runway,2025-10-12,2025-10-14,2.78,14278.09,0,0,1
B000675,10078,C031,Theo,Resort,2024-09-29,2024-10-02,3.96,12043.84,0,0,0
B000676,10078,C020,Amélie,Editorial,2025-05-26,2025-05-30,4.21,8204.68,0,0,1
B000677,10078,C022,Amélie,Lookbook,2024-09-10,2024-09-15,5.59,22388.46,0,0,0
B000678,10078,C021,Theo,Spring/Summer,2025-04-15,2025-04-20,5.43,14736.57,0,0,0
B000679,10078,C029,Sofia,Lookbook,2024-10-19,2024-10-20,1.39,11741.96,0,0,1
B000680,10078,C021,Sofia,Luxury Campaign,2025-06-07,2025-06-13,6.61,14696.05,0,0,0
B000681,10078,C023,Luca,Luxury Campaign,2025-04-22,2025-04-24,2.86,24543.82,0,0,1
B000682,10043,C036,Marco,Resort,2025-05-30,2025-06-01,2.01,14909.38,0,0,1
B000683,10043,C013,Marco,Pre-Fall,2024-12-31,2025-01-02,2.99,7711.96,0,0,1
B000684,10043,C036,Amélie,Lookbook,2025-04-01,2025-04-02,1.67,13177.82,0,0,1
B000685,10043,C036,Amélie,Cruise,2025-02-04,2025-02-07,3.99,9823.99,0,0,0
B000686,10043,C036,Sofia,Spring/Summer,2024-10-20,2024-10-26,6.93,8898.67,0,0,0
B000687,10043,C004,Theo,Cruise,2024-08-03,2024-08-05,2.91,10039.47,0,0,1
B000688,10043,C004,Charlotte,Cruise,2024-09-21,2024-09-26,5.35,17387.66,0,0,0
B000689,10043,C008,Marco,Fragrance,2024-10-18,2024-10-20,2.56,24872.0,0,1,1
B000690,10043,C026,Sofia,Pre-Fall,2024-12-24,2024-12-28,4.22,10085.98,0,0,0
B000691,10056,C003,Theo,Fragrance,2024-11-01,2024-11-04,3.66,11983.43,1,0,1
B000692,10056,C025,Theo,Editorial,2025-02-20,2025-02-26,6.13,2429.43,1,0,0
B000693,10056,C007,Luca,Editorial,2025-09-27,2025-10-02,5.45,1808.16,0,0,0
B000694,10056,C025,Sofia,Runway,2025-05-05,2025-05-08,3.09,39469.33,0,0,1
B000695,10056,C025,Amélie,Beauty Campaign,2024-10-10,2024-10-11,1.62,26239.32,0,0,1
B000696,10056,C002,Charlotte,Beauty Campaign,2024-09-02,2024-09-03,0.22,6352.04,0,0,1
B000697,10056,C002,Charlotte,Cruise,2025-02-15,2025-02-17,2.98,6957.32,0,0,0
B000698,10452,C015,Marco,Resort,2024-10-03,2024-10-04,1.99,7656.43,0,0,0
B000699,10452,C002,Luca,Spring/Summer,2024-10-08,2024-10-09,1.68,26997.99,0,0,1
B000700,10452,C025,Marco,Spring/Summer,2025-09-06,2025-09-07,0.78,5997.21,0,0,1
B000701,10452,C013,Sofia,Resort,2025-01-25,2025-01-29,4.12,28945.96,0,0,0
B000702,10452,C017,Charlotte,Fall/Winter,2024-05-05,2024-05-10,5.95,35810.5,0,0,0
B000703,10452,C002,Marco,Runway,2024-12-06,2024-12-07,1.35,8611.26,0,0,1
B000704,10452,C027,Theo,Luxury Campaign,2025-03-12,2025-03-15,3.36,18247.6,0,0,0
B000705,10057,C013,Marco,Spring/Summer,2024-10-17,2024-10-21,4.57,3633.32,0,0,1
B000706,10057,C018,Marco,Lookbook,2025-03-04,2025-03-05,0.1,9845.42,1,0,1
B000707,10057,C024,Marco,Resort,2024-11-17,2024-11-18,1.84,9003.35,0,0,1
B000708,10057,C010,Marco,Editorial,2025-10-14,2025-10-15,1.46,9770.31,0,0,1
B000709,10057,C014,Luca,Runway,2025-04-30,2025-05-01,1.89,10381.94,0,0,0
B000710,10057,C010,Amélie,Beauty Campaign,2025-04-04,2025-04-09,5.62,13908.02,0,0,0
B000711,10057,C021,Sofia,Luxury Campaign,2024-06-02,2024-06-05,3.56,2970.45,0,0,0
B000712,10057,C003,Amélie,Pre-Fall,2025-06-03,2025-06-05,2.36,6724.76,1,0,1
B000713,10057,C013,Luca,Luxury Campaign,2024-08-30,2024-09-05,6.41,3601.96,0,1,0
B000714,10057,C004,Charlotte,Cruise,2025-04-27,2025-04-29,2.99,35155.45,0,0,1
B000715,10057,C018,Theo,Luxury Campaign,2024-09-28,2024-10-04,6.04,59015.47,0,0,0
B000716,9897,C010,Marco,Spring/Summer,2024-10-11,2024-10-12,0.7,7198.06,0,0,1
B000717,9897,C010,Marco,Resort,2025-03-23,2025-03-25,2.01,12657.88,0,0,1
B000718,9897,C030,Theo,Fall/Winter,2025-02-13,2025-02-16,3.89,8089.42,0,0,0
B000719,9897,C029,Theo,Beauty Campaign,2025-03-23,2025-03-25,2.43,3995.34,0,0,0
B000720,9897,C033,Luca,Spring/Summer,2024-05-08,2024-05-12,4.3,11304.66,0,0,1
B000721,9897,C030,Marco,Spring/Summer,2024-10-06,2024-10-07,1.54,20092.92,0,0,1
B000722,9897,C029,Luca,Editorial,2024-11-05,2024-11-07,2.88,14316.0,0,0,0
B000723,10164,C008,Sofia,Editorial,2024-09-08,2024-09-11,3.77,7252.54,0,0,0
B000724,10164,C032,Luca,Cruise,2024-12-30,2025-01-05,6.85,25016.88,0,0,0
B000725,10164,C009,Sofia,Editorial,2024-12-19,2024-12-21,2.47,2538.55,0,0,1
B000726,10164,C014,Charlotte,Editorial,2025-04-05,2025-04-11,6.51,6659.27,0,0,0
B000727,10164,C037,Amélie,Spring/Summer,2024-12-02,2024-12-03,0.4,18157.57,0,0,1
B000728,10164,C011,Theo,Fall/Winter,2024-11-20,2024-11-22,2.94,17857.67,0,0,1
B000729,10164,C012,Amélie,Beauty Campaign,2024-08-26,2024-08-27,0.99,12412.08,0,0,1
B000730,10164,C008,Sofia,Luxury Campaign,2025-03-09,2025-03-10,0.97,5066.8,0,0,1
B000731,10236,C008,Sofia,Luxury Campaign,2025-10-08,2025-10-11,3.25,14962.79,0,0,0
B000732,10236,C034,Theo,Runway,2025-08-28,2025-08-29,0.48,11195.83,0,0,1
B000733,10236,C021,Charlotte,Fragrance,2024-10-18,2024-10-20,2.44,24976.73,0,0,1
B000734,10180,C037,Marco,Spring/Summer,2024-10-20,2024-10-23,3.69,27213.73,0,0,0
B000735,10180,C034,Sofia,Runway,2025-04-07,2025-04-08,1.62,23721.76,0,0,1
B000736,10180,C032,Amélie,Lookbook,2025-06-23,2025-06-26,3.03,10477.31,0,0,0
B000737,10180,C017,Charlotte,Runway,2025-07-29,2025-08-05,7.29,5533.78,0,0,0
B000738,10180,C032,Amélie,Lookbook,2025-01-09,2025-01-15,6.75,16834.1,0,0,0
B000739,10180,C032,Amélie,Fall/Winter,2025-01-26,2025-01-28,2.86,40729.04,0,0,0
B000740,10180,C034,Charlotte,Beauty Campaign,2025-02-26,2025-03-04,6.23,5649.28,0,0,0
B000741,10180,C004,Charlotte,Pre-Fall,2024-06-09,2024-06-13,4.28,8576.77,0,0,1
B000742,10180,C034,Charlotte,Fall/Winter,2024-11-17,2024-11-22,5.68,8821.33,0,0,1
B000743,10180,C037,Marco,Lookbook,2025-05-21,2025-05-24,3.22,2565.89,0,0,1
B000744,10180,C034,Theo,Runway,2025-02-18,2025-02-19,1.42,37232.14,0,0,1
B000745,10259,C024,Sofia,Beauty Campaign,2024-12-10,2024-12-12,2.15,28736.47,0,0,1
B000746,10259,C003,Amélie,Cruise,2024-11-12,2024-11-15,3.48,6019.04,0,0,1
B000747,10259,C010,Sofia,Cruise,2025-02-04,2025-02-08,4.36,9590.25,0,0,0
B000748,10259,C003,Theo,Pre-Fall,2024-06-17,2024-06-20,3.74,17869.87,0,0,1
B000749,10259,C027,Theo,Runway,2024-08-25,2024-08-28,3.33,5146.9,1,0,1
B000750,10259,C022,Theo,Beauty Campaign,2024-10-07,2024-10-12,5.05,19146.99,0,0,0
B000751,10259,C018,Marco,Fall/Winter,2025-10-13,2025-10-16,3.07,10497.94,0,0,0
B000752,10259,C018,Charlotte,Fall/Winter,2025-04-13,2025-04-14,1.64,7772.55,1,0,1
B000753,10259,C036,Sofia,Pre-Fall,2025-05-04,2025-05-06,2.72,2776.75,1,0,1
B000754,10067,C037,Amélie,Lookbook,2024-07-04,2024-07-05,1.97,19113.79,0,1,1
B000755,10067,C007,Marco,Luxury Campaign,2025-10-08,2025-10-11,3.58,11967.12,1,0,1
B000756,10067,C029,Marco,Spring/Summer,2025-05-07,2025-05-10,3.8,4499.13,0,0,0
B000757,10067,C035,Luca,Runway,2025-10-15,2025-10-17,2.86,1889.72,0,0,0
B000758,10067,C037,Theo,Beauty Campaign,2024-10-03,2024-10-06,3.36,20900.45,1,0,1
B000759,10067,C010,Charlotte,Cruise,2024-05-01,2024-05-03,2.7,9520.64,0,0,0
B000760,10067,C037,Charlotte,Fall/Winter,2024-09-22,2024-09-26,4.46,16993.56,0,0,0
B000761,10067,C019,Marco,Runway,2024-10-25,2024-10-26,0.1,7817.93,0,0,1
B000762,10067,C037,Theo,Resort,2024-08-05,2024-08-06,0.1,4966.5,0,0,1
B000763,9865,C036,Sofia,Spring/Summer,2025-08-18,2025-08-25,7.05,20928.88,0,0,0
B000764,9865,C021,Luca,Lookbook,2024-10-21,2024-10-23,2.18,21416.38,0,0,1
B000765,9865,C036,Theo,Pre-Fall,2025-04-22,2025-04-26,4.49,27593.39,0,0,0
B000766,9865,C037,Charlotte,Beauty Campaign,2024-07-04,2024-07-08,4.84,17606.04,0,0,1
B000767,9865,C012,Amélie,Fragrance,2025-04-15,2025-04-17,2.83,3012.35,0,0,1
B000768,9865,C025,Amélie,Lookbook,2025-08-23,2025-08-28,5.46,27080.02,0,0,0
B000769,9945,C029,Luca,Pre-Fall,2025-03-06,2025-03-09,3.88,88318.98,0,0,0
B000770,9945,C021,Charlotte,Fragrance,2025-01-09,2025-01-11,2.54,6546.06,0,0,1
B000771,9945,C023,Sofia,Runway,2025-02-27,2025-03-02,3.06,4036.04,0,0,0
B000772,9945,C038,Amélie,Editorial,2025-02-05,2025-02-06,0.42,5383.61,0,0,1
B000773,9945,C023,Marco,Runway,2025-07-04,2025-07-05,1.33,11802.11,0,0,1
B000774,9945,C021,Marco,Luxury Campaign,2024-07-27,2024-07-30,3.09,29313.92,0,0,1
B000775,9945,C009,Luca,Pre-Fall,2025-02-09,2025-02-13,4.34,18644.94,0,0,0
B000776,10060,C001,Amélie,Fall/Winter,2025-06-08,2025-06-12,4.65,10269.05,0,0,0
B000777,10060,C030,Luca,Spring/Summer,2024-11-26,2024-11-28,2.37,13533.02,0,0,1
B000778,10060,C029,Sofia,Luxury Campaign,2024-10-04,2024-10-08,4.76,16653.38,0,0,1
B000779,10060,C005,Sofia,Cruise,2024-08-29,2024-08-30,0.57,6974.97,0,0,1
B000780,10060,C009,Sofia,Spring/Summer,2025-04-10,2025-04-11,1.5,13382.64,0,0,1
B000781,10060,C010,Charlotte,Pre-Fall,2025-04-06,2025-04-09,3.01,22801.11,0,0,1
B000782,10060,C005,Theo,Runway,2025-10-10,2025-10-11,0.7,23145.66,0,0,1
B000783,10060,C005,Amélie,Pre-Fall,2025-07-06,2025-07-13,7.45,3480.15,0,0,0
B000784,10060,C009,Sofia,Beauty Campaign,2025-03-03,2025-03-09,6.7,26828.65,0,0,0
B000785,10060,C001,Sofia,Fragrance,2025-09-26,2025-09-27,0.68,11238.18,0,0,0
B000786,10060,C037,Marco,Fragrance,2025-02-16,2025-02-20,4.29,48885.23,1,0,0
B000787,10060,C019,Marco,Spring/Summer,2024-09-09,2024-09-11,2.57,27497.32,1,0,1
B000788,10060,C018,Charlotte,Fragrance,2024-05-11,2024-05-13,2.06,20291.36,1,0,1
B000789,10060,C009,Charlotte,Spring/Summer,2024-08-03,2024-08-04,0.88,9402.27,0,0,1
B000790,10060,C005,Amélie,Cruise,2025-02-18,2025-02-24,6.35,12190.43,0,0,0
B000791,9804,C010,Marco,Cruise,2024-10-18,2024-10-23,5.1,15147.9,0,0,0
B000792,9804,C023,Amélie,Editorial,2025-06-30,2025-07-01,0.93,50596.93,0,0,1
B000793,9804,C010,Sofia,Fragrance,2024-07-10,2024-07-11,1.48,6566.57,0,0,1
B000794,9804,C025,Luca,Beauty Campaign,2025-04-14,2025-04-15,0.9,17183.61,0,0,1
B000795,10140,C003,Luca,Runway,2025-02-03,2025-02-06,3.42,17875.09,0,0,0
B000796,10140,C018,Charlotte,Lookbook,2024-12-16,2024-12-18,2.93,7695.33,0,0,0
B000797,10165,C013,Marco,Pre-Fall,2025-02-06,2025-02-09,3.02,5639.47,0,0,0
B000798,10165,C026,Amélie,Runway,2024-12-28,2024-12-29,1.77,3501.03,1,0,1
B000799,10165,C016,Sofia,Fragrance,2025-05-12,2025-05-16,4.37,9295.58,0,1,0
B000800,10165,C014,Amélie,Spring/Summer,2025-10-14,2025-10-16,2.52,5799.97,0,0,1
B000801,10165,C025,Marco,Fall/Winter,2025-06-07,2025-06-09,2.63,3012.86,0,0,1
B000802,10165,C017,Theo,Fragrance,2024-10-06,2024-10-13,7.04,15497.56,0,0,0
B000803,10165,C028,Marco,Fall/Winter,2024-10-25,2024-10-26,0.74,26453.77,0,0,1
B000804,10165,C026,Charlotte,Luxury Campaign,2024-06-09,2024-06-10,1.86,41866.53,0,0,0
B000805,10165,C030,Sofia,Runway,2025-02-14,2025-02-17,3.46,28802.92,0,0,0
B000806,10165,C007,Sofia,Resort,2024-06-23,2024-06-25,2.69,24781.07,0,0,1
B000807,10165,C017,Theo,Runway,2024-10-22,2024-10-28,6.7,21867.81,1,1,0
B000808,10165,C030,Amélie,Resort,2024-12-30,2025-01-01,2.17,4874.42,0,1,1
B000809,10165,C016,Sofia,Lookbook,2025-03-27,2025-04-01,5.25,2102.19,0,0,0
B000810,10165,C031,Amélie,Luxury Campaign,2024-08-10,2024-08-14,4.11,11964.52,0,0,0
B000811,10165,C016,Charlotte,Beauty Campaign,2025-04-15,2025-04-16,1.04,5967.67,0,0,1
B000812,10165,C026,Charlotte,Fall/Winter,2025-09-24,2025-09-26,2.29,55279.26,0,0,1
B000813,9869,C022,Theo,Resort,2024-11-16,2024-11-21,5.72,9877.78,0,0,0
B000814,9869,C007,Theo,Fall/Winter,2024-11-03,2024-11-04,0.41,7357.18,0,0,1
B000815,9869,C022,Marco,Cruise,2024-05-15,2024-05-16,0.34,22409.23,1,0,1
B000816,9869,C030,Luca,Fall/Winter,2024-11-09,2024-11-10,0.1,6916.46,0,0,1
B000817,9869,C006,Luca,Editorial,2025-04-24,2025-05-02,8.93,6480.99,0,0,0
B000818,9869,C034,Sofia,Beauty Campaign,2025-05-17,2025-05-18,0.58,11041.63,0,0,1
B000819,9869,C005,Amélie,Editorial,2025-03-15,2025-03-16,1.45,17449.82,0,0,1
B000820,10208,C020,Sofia,Runway,2025-05-15,2025-05-16,1.32,2793.35,0,0,1
B000821,10208,C008,Amélie,Beauty Campaign,2025-02-12,2025-02-13,0.29,5050.12,0,0,1
B000822,10208,C009,Theo,Fall/Winter,2025-05-06,2025-05-10,4.96,11776.64,0,0,0
B000823,10208,C003,Amélie,Editorial,2024-11-26,2024-11-27,1.82,11196.98,0,0,1
B000824,10208,C011,Sofia,Lookbook,2025-07-05,2025-07-06,0.31,12207.44,0,0,1
B000825,10208,C009,Luca,Spring/Summer,2025-07-03,2025-07-04,0.17,42983.18,0,0,1
B000826,10208,C003,Theo,Fall/Winter,2024-11-02,2024-11-06,4.83,18314.38,0,0,1
B000827,10208,C009,Luca,Cruise,2025-04-14,2025-04-17,3.63,38671.12,0,0,0
B000828,10208,C003,Amélie,Spring/Summer,2024-09-03,2024-09-04,1.86,8858.65,0,0,1
B000829,10208,C023,Amélie,Luxury Campaign,2024-09-22,2024-09-28,6.1,9126.6,1,0,0
B000830,10024,C035,Amélie,Fall/Winter,2025-03-28,2025-03-30,2.24,8790.82,0,0,1
B000831,10024,C031,Amélie,Beauty Campaign,2025-09-28,2025-10-03,5.2,6111.34,0,0,0
B000832,10024,C007,Luca,Luxury Campaign,2025-09-23,2025-09-27,4.13,7950.52,0,0,1
B000833,10024,C035,Sofia,Resort,2025-02-05,2025-02-08,3.11,19786.89,1,1,1
B000834,10024,C029,Theo,Spring/Summer,2025-03-11,2025-03-12,1.4,10077.59,0,0,1
B000835,10024,C007,Luca,Lookbook,2024-05-18,2024-05-23,5.28,15941.35,0,0,0
B000836,10024,C007,Luca,Runway,2024-09-04,2024-09-08,4.12,44556.68,0,0,0
B000837,10024,C030,Theo,Resort,2024-07-12,2024-07-15,3.93,13365.4,0,0,1
B000838,10437,C013,Luca,Editorial,2025-08-23,2025-08-24,1.04,6936.33,0,0,1
B000839,10437,C018,Theo,Cruise,2025-02-18,2025-02-19,1.44,20381.66,0,0,1
B000840,10437,C037,Sofia,Pre-Fall,2025-02-05,2025-02-07,2.87,7760.9,0,0,0
B000841,10437,C038,Theo,Beauty Campaign,2025-09-04,2025-09-06,2.77,11582.33,0,0,1
B000842,10437,C016,Sofia,Lookbook,2025-06-26,2025-06-29,3.88,26774.67,0,0,1
B000843,10437,C001,Luca,Luxury Campaign,2024-06-28,2024-07-01,3.57,5957.36,0,1,0
B000844,10437,C018,Theo,Pre-Fall,2024-07-28,2024-08-01,4.54,26173.5,0,0,0
B000845,10437,C023,Theo,Runway,2025-10-13,2025-10-16,3.31,10038.22,0,1,0
B000846,10437,C018,Amélie,Fragrance,2024-11-19,2024-11-22,3.21,18245.72,0,0,1
B000847,10437,C013,Amélie,Beauty Campaign,2024-09-10,2024-09-13,3.09,13301.36,0,0,1
B000848,10437,C023,Theo,Luxury Campaign,2024-09-04,2024-09-10,6.75,3720.96,0,0,0
B000849,9683,C001,Sofia,Fragrance,2024-07-11,2024-07-13,2.96,12165.82,0,0,0
B000850,9683,C006,Amélie,Spring/Summer,2024-05-10,2024-05-11,0.1,8057.95,0,0,1
B000851,9683,C024,Sofia,Editorial,2024-08-20,2024-08-23,3.02,6243.64,0,0,1
B000852,10076,C014,Sofia,Runway,2024-12-22,2024-12-25,3.16,11788.76,0,0,1
B000853,10076,C015,Theo,Lookbook,2024-09-16,2024-09-22,6.04,4991.24,0,0,0
B000854,10076,C005,Amélie,Lookbook,2024-05-18,2024-05-20,2.05,25842.6,0,0,1
B000855,10076,C014,Theo,Fragrance,2024-09-14,2024-09-16,2.54,9867.03,0,0,1
B000856,10076,C005,Amélie,Cruise,2024-04-28,2024-05-01,3.85,16973.58,0,0,0
B000857,10076,C036,Marco,Runway,2025-05-02,2025-05-03,0.1,9219.46,0,0,1
B000858,10076,C034,Theo,Fall/Winter,2024-11-30,2024-12-01,0.1,41304.58,1,0,1
B000859,10291,C002,Marco,Fragrance,2025-10-15,2025-10-16,0.7,12671.03,0,1,1
B000860,10291,C031,Charlotte,Luxury Campaign,2025-03-03,2025-03-10,7.77,16885.02,0,0,0
B000861,10291,C034,Marco,Pre-Fall,2025-03-13,2025-03-16,3.03,9218.34,0,0,1
B000862,10291,C031,Amélie,Cruise,2025-07-09,2025-07-14,5.99,9587.26,0,0,0
B000863,10291,C009,Charlotte,Spring/Summer,2024-06-10,2024-06-13,3.67,20130.82,0,0,1
B000864,10291,C023,Amélie,Fall/Winter,2024-10-25,2024-10-28,3.83,13503.88,0,0,1
B000865,10291,C009,Sofia,Beauty Campaign,2024-07-15,2024-07-16,1.41,8954.35,0,0,1
B000866,10291,C023,Marco,Resort,2025-02-24,2025-02-27,3.39,13910.42,0,0,0
B000867,10291,C009,Luca,Luxury Campaign,2025-04-04,2025-04-05,0.1,21176.64,0,0,1
B000868,10291,C023,Theo,Pre-Fall,2024-08-23,2024-08-29,6.02,17540.61,0,0,0
B000869,9976,C029,Amélie,Lookbook,2025-08-18,2025-08-23,5.91,7004.76,0,0,0
B000870,9976,C020,Luca,Editorial,2024-08-04,2024-08-06,2.31,1857.96,0,0,1
B000871,9976,C010,Charlotte,Fall/Winter,2024-09-17,2024-09-18,1.7,23125.04,0,0,1
B000872,9976,C037,Sofia,Fall/Winter,2024-10-01,2024-10-03,2.18,18192.7,0,0,1
B000873,9976,C010,Theo,Spring/Summer,2025-07-27,2025-07-30,3.48,3904.86,0,1,1
B000874,9976,C037,Charlotte,Lookbook,2025-08-20,2025-08-24,4.54,9054.21,0,1,1
B000875,9976,C036,Theo,Runway,2025-09-29,2025-09-30,1.05,6847.58,0,0,1
B000876,9976,C019,Luca,Resort,2025-01-21,2025-01-24,3.6,8654.57,0,0,0
B000877,10034,C009,Charlotte,Beauty Campaign,2024-08-20,2024-08-22,2.75,18208.77,0,0,1
B000878,10034,C025,Charlotte,Runway,2024-10-15,2024-10-16,0.11,11045.04,1,0,1
B000879,10034,C037,Charlotte,Resort,2024-10-07,2024-10-08,1.37,5437.44,0,0,1
B000880,10034,C009,Luca,Spring/Summer,2025-06-07,2025-06-09,2.88,9718.2,0,0,1
B000881,10034,C010,Theo,Fragrance,2025-10-03,2025-10-04,1.64,12877.42,0,0,1
B000882,10034,C019,Theo,Luxury Campaign,2024-08-27,2024-08-30,3.91,8431.69,0,0,1
B000883,10034,C009,Theo,Beauty Campaign,2024-11-20,2024-11-22,2.27,34372.49,0,0,1
B000884,10034,C009,Theo,Fragrance,2025-09-23,2025-09-26,3.36,14238.9,0,0,1
B000885,10034,C038,Sofia,Spring/Summer,2025-04-05,2025-04-10,5.25,10168.53,1,0,0
B000886,10034,C038,Charlotte,Resort,2025-10-07,2025-10-08,1.66,7535.87,0,1,1
B000887,10034,C023,Amélie,Editorial,2025-02-16,2025-02-18,2.98,12764.76,0,0,1
B000888,10034,C012,Charlotte,Runway,2024-05-16,2024-05-17,0.1,15514.86,0,0,1
B000889,10034,C020,Amélie,Fragrance,2025-03-03,2025-03-06,3.93,9168.24,0,0,0
B000890,10034,C027,Luca,Editorial,2024-11-23,2024-11-25,2.47,6942.64,0,0,1
B000891,10034,C011,Marco,Runway,2025-04-24,2025-04-25,1.19,5573.43,0,0,1
B000892,10749,C008,Marco,Luxury Campaign,2024-12-16,2024-12-21,5.33,5877.04,0,0,0
B000893,10749,C034,Sofia,Lookbook,2025-01-31,2025-02-01,1.56,12288.58,0,0,0
B000894,10749,C012,Marco,Fragrance,2025-05-11,2025-05-14,3.09,21227.69,1,0,1
B000895,10749,C015,Amélie,Fragrance,2025-03-19,2025-03-21,2.22,25565.03,0,0,1
B000896,10749,C008,Luca,Runway,2024-10-17,2024-10-18,1.67,5846.47,1,0,1
B000897,10749,C035,Charlotte,Pre-Fall,2025-05-12,2025-05-15,3.82,8198.9,0,0,1
B000898,10749,C036,Marco,Runway,2024-11-26,2024-11-28,2.37,7083.88,0,0,1
B000899,10749,C035,Theo,Lookbook,2025-06-05,2025-06-09,4.3,20834.91,1,0,1
B000900,10137,C016,Sofia,Pre-Fall,2024-08-10,2024-08-14,4.66,3559.16,0,0,0
B000901,10137,C011,Sofia,Cruise,2024-12-01,2024-12-03,2.59,20153.42,0,0,0
B000902,10137,C014,Theo,Pre-Fall,2024-12-08,2024-12-09,0.1,13614.22,0,0,1
B000903,10137,C038,Luca,Resort,2024-12-04,2024-12-06,2.24,21039.41,0,0,1
B000904,10137,C038,Marco,Lookbook,2025-04-22,2025-04-24,2.48,10388.06,1,0,1
B000905,10137,C023,Luca,Pre-Fall,2025-04-12,2025-04-13,1.73,17872.7,0,0,1
B000906,10137,C011,Marco,Fragrance,2025-02-11,2025-02-12,0.93,18588.37,0,0,1
B000907,10137,C023,Luca,Cruise,2025-10-06,2025-10-10,4.79,47018.72,0,0,1
B000908,10137,C038,Luca,Fall/Winter,2025-01-14,2025-01-18,4.99,21949.58,0,0,0
B000909,10137,C008,Amélie,Resort,2024-09-27,2024-09-28,1.85,47719.12,0,0,1
B000910,10137,C011,Marco,Runway,2025-09-21,2025-09-24,3.65,2656.98,0,0,0
B000911,10695,C018,Theo,Spring/Summer,2025-10-01,2025-10-05,4.24,6618.01,0,0,0
B000912,10695,C015,Sofia,Spring/Summer,2024-12-11,2024-12-14,3.89,13752.38,0,0,0
B000913,10695,C007,Theo,Runway,2025-03-03,2025-03-06,3.32,5677.59,0,0,1
B000914,10695,C015,Amélie,Editorial,2024-10-29,2024-11-01,3.88,2027.26,0,0,0
B000915,10695,C015,Amélie,Lookbook,2025-07-20,2025-07-26,6.95,13020.32,0,0,0
B000916,10129,C032,Sofia,Pre-Fall,2024-11-18,2024-11-19,0.1,5499.28,0,0,1
B000917,10129,C003,Luca,Luxury Campaign,2025-03-14,2025-03-17,3.42,50814.46,0,0,1
B000918,10129,C032,Charlotte,Editorial,2024-10-20,2024-10-21,1.12,4702.44,1,0,1
B000919,10129,C032,Amélie,Resort,2025-05-24,2025-05-26,2.74,17092.05,0,0,0
B000920,10129,C030,Sofia,Fall/Winter,2025-02-09,2025-02-12,3.95,67302.37,0,0,1
B000921,10129,C032,Sofia,Fragrance,2025-04-23,2025-04-29,6.39,10486.02,0,0,0
B000922,10129,C019,Marco,Lookbook,2024-08-27,2024-08-29,2.64,15038.07,1,0,0
B000923,10129,C030,Charlotte,Spring/Summer,2024-09-22,2024-09-29,7.33,50926.96,1,0,0
B000924,10129,C032,Marco,Luxury Campaign,2025-05-03,2025-05-05,2.46,33868.77,0,0,1
B000925,10129,C034,Marco,Runway,2024-05-23,2024-05-25,2.35,8208.75,0,0,1
B000926,9714,C030,Luca,Beauty Campaign,2024-09-14,2024-09-15,1.82,9360.15,0,0,1
B000927,9714,C030,Charlotte,Beauty Campaign,2025-09-08,2025-09-10,2.54,12980.55,0,0,1
B000928,9714,C022,Luca,Resort,2024-10-25,2024-10-29,4.72,17521.2,0,0,1
B000929,9714,C005,Charlotte,Pre-Fall,2024-05-28,2024-05-30,2.55,8108.47,0,0,1
B000930,9714,C030,Sofia,Spring/Summer,2024-09-20,2024-09-22,2.94,8512.79,0,0,0
B000931,9714,C030,Marco,Spring/Summer,2025-09-13,2025-09-15,2.36,4395.44,0,0,1
B000932,9714,C028,Sofia,Pre-Fall,2025-03-05,2025-03-07,2.54,16168.37,0,0,1
B000933,9714,C028,Sofia,Spring/Summer,2025-03-10,2025-03-13,3.92,36212.74,0,0,1
B000934,9714,C037,Marco,Pre-Fall,2025-09-29,2025-09-30,1.39,5983.85,0,0,1
B000935,9714,C030,Sofia,Fragrance,2025-08-18,2025-08-22,4.53,18745.76,0,0,0
B000936,9714,C037,Luca,Fall/Winter,2025-09-04,2025-09-05,1.62,28661.06,1,0,0
B000937,9714,C037,Amélie,Fragrance,2024-08-19,2024-08-20,0.8,8164.78,0,0,1
B000938,9714,C018,Sofia,Fragrance,2025-03-06,2025-03-10,4.98,16964.0,0,0,0
B000939,10318,C008,Luca,Beauty Campaign,2024-05-02,2024-05-04,2.06,10609.46,0,0,1
B000940,10318,C016,Charlotte,Fragrance,2025-07-11,2025-07-16,5.67,21399.82,1,0,0
B000941,10318,C016,Amélie,Beauty Campaign,2025-05-14,2025-05-19,5.28,6133.29,0,1,0
B000942,10318,C016,Amélie,Luxury Campaign,2024-12-10,2024-12-11,0.52,12557.7,0,0,1
B000943,10318,C009,Amélie,Cruise,2024-12-14,2024-12-15,1.68,3880.85,1,0,1
B000944,10318,C034,Sofia,Fragrance,2025-04-04,2025-04-05,1.33,9936.22,0,0,1
B000945,10318,C022,Theo,Spring/Summer,2024-08-20,2024-08-23,3.19,9433.27,0,0,1
B000946,10318,C016,Luca,Runway,2025-01-06,2025-01-07,1.84,3602.71,0,0,1
B000947,10318,C004,Amélie,Beauty Campaign,2025-06-30,2025-07-02,2.1,14345.93,0,0,1
B000948,10318,C010,Marco,Cruise,2024-10-30,2024-11-02,3.13,19018.53,0,0,1
B000949,10318,C020,Amélie,Editorial,2024-08-22,2024-08-23,0.1,35306.09,0,0,1
B000950,10318,C004,Charlotte,Fall/Winter,2025-04-13,2025-04-18,5.23,10815.24,0,0,0
B000951,10318,C008,Luca,Pre-Fall,2024-08-03,2024-08-04,0.61,31128.03,0,0,0
B000952,10318,C017,Marco,Fragrance,2025-09-24,2025-09-25,1.61,47070.57,1,0,1
B000953,10318,C011,Theo,Beauty Campaign,2025-03-28,2025-03-31,3.92,16767.87,0,0,1
B000954,10318,C016,Charlotte,Beauty Campaign,2025-04-13,2025-04-16,3.33,7501.3,0,0,1
B000955,10100,C017,Amélie,Pre-Fall,2024-11-04,2024-11-05,1.73,7756.82,0,0,1
B000956,10100,C012,Amélie,Fall/Winter,2025-05-03,2025-05-07,4.28,26219.43,0,0,0
B000957,10100,C021,Sofia,Spring/Summer,2025-03-02,2025-03-03,0.81,49417.37,1,0,1
B000958,10100,C009,Charlotte,Spring/Summer,2025-02-09,2025-02-15,6.58,5567.61,0,0,0
B000959,10100,C009,Charlotte,Fragrance,2024-10-12,2024-10-14,2.05,8974.52,0,0,1
B000960,10100,C011,Sofia,Lookbook,2024-10-29,2024-11-05,7.17,27266.5,0,0,0
B000961,10100,C036,Amélie,Fall/Winter,2024-09-25,2024-09-26,1.88,18577.17,0,0,1
B000962,10100,C017,Sofia,Resort,2024-10-26,2024-10-31,5.67,6925.36,1,0,0
B000963,10100,C011,Theo,Resort,2024-10-25,2024-10-27,2.7,7859.43,0,0,1
B000964,10100,C030,Marco,Fall/Winter,2025-06-12,2025-06-13,1.68,7830.61,0,0,1
B000965,10100,C018,Luca,Fragrance,2024-05-04,2024-05-05,0.79,39687.93,0,0,1
B000966,10100,C019,Marco,Fall/Winter,2024-12-26,2024-12-30,4.69,8081.44,0,0,0
B000967,10100,C016,Sofia,Spring/Summer,2024-05-18,2024-05-21,3.13,9623.11,0,0,1
B000968,10100,C007,Theo,Beauty Campaign,2025-06-29,2025-07-01,2.74,19320.54,1,0,0
B000969,10100,C011,Amélie,Luxury Campaign,2024-10-18,2024-10-21,3.92,8753.98,0,0,1
B000970,10393,C016,Theo,Fall/Winter,2024-09-17,2024-09-19,2.37,11471.95,0,0,1
B000971,10393,C016,Theo,Spring/Summer,2025-01-16,2025-01-21,5.6,64620.82,0,0,0
B000972,10393,C036,Sofia,Editorial,2024-07-19,2024-07-21,2.38,13239.82,0,0,1
B000973,10393,C022,Luca,Resort,2025-10-05,2025-10-07,2.0,9922.33,1,0,1
B000974,10393,C004,Charlotte,Resort,2025-08-10,2025-08-11,1.38,13310.04,0,0,1
B000975,10393,C019,Charlotte,Fragrance,2025-04-17,2025-04-21,4.22,18859.97,0,0,0
B000976,10393,C004,Marco,Lookbook,2025-09-29,2025-09-30,1.19,62611.56,0,0,1
B000977,10393,C029,Marco,Editorial,2024-10-14,2024-10-15,2.0,9970.59,0,0,1
B000978,10678,C032,Sofia,Editorial,2025-04-14,2025-04-16,2.35,10269.05,0,0,1
B000979,10678,C030,Charlotte,Resort,2024-11-14,2024-11-17,3.09,9508.99,1,0,1
B000980,9696,C014,Sofia,Spring/Summer,2024-05-04,2024-05-06,2.23,31839.82,0,1,1
B000981,9696,C016,Amélie,Beauty Campaign,2024-09-17,2024-09-20,3.61,52597.4,0,0,1
B000982,9696,C008,Amélie,Luxury Campaign,2024-04-27,2024-04-29,2.6,6166.6,0,0,1
B000983,9696,C011,Luca,Beauty Campaign,2024-05-09,2024-05-12,3.35,37264.73,0,0,0
B000984,9696,C018,Sofia,Editorial,2025-03-24,2025-03-31,7.72,12871.76,0,0,0
B000985,9696,C018,Theo,Spring/Summer,2025-04-13,2025-04-18,5.69,15481.26,1,0,0
B000986,9696,C005,Luca,Pre-Fall,2025-08-11,2025-08-15,4.25,21582.27,0,0,1
B000987,9696,C033,Luca,Runway,2024-07-28,2024-07-31,3.75,8011.83,1,0,1
B000988,9696,C018,Luca,Resort,2024-10-11,2024-10-15,4.02,13619.83,1,0,0
B000989,9696,C009,Sofia,Lookbook,2024-07-27,2024-07-31,4.33,9092.1,0,0,0
B000990,9696,C033,Amélie,Beauty Campaign,2024-09-09,2024-09-10,0.68,28911.69,0,0,1
B000991,9696,C012,Sofia,Luxury Campaign,2025-07-22,2025-07-27,5.52,11445.46,0,0,0
B000992,9696,C011,Luca,Fall/Winter,2025-04-04,2025-04-07,3.05,5371.13,0,0,1
B000993,9696,C006,Luca,Fragrance,2024-06-06,2024-06-07,1.51,5519.16,0,0,1
B000994,10289,C009,Amélie,Pre-Fall,2024-12-05,2024-12-07,2.06,8773.54,1,1,1
B000995,10289,C020,Charlotte,Fall/Winter,2025-06-25,2025-06-27,2.5,23144.97,0,0,1
B000996,10289,C016,Marco,Editorial,2025-03-04,2025-03-05,0.22,3050.51,1,0,1
B000997,10289,C003,Charlotte,Runway,2025-03-04,2025-03-08,4.95,73697.76,0,0,0
B000998,10289,C016,Marco,Beauty Campaign,2025-03-19,2025-03-20,1.27,16906.28,0,0,1
B000999,10289,C016,Sofia,Fragrance,2025-08-29,2025-08-31,2.21,56870.29,0,0,1
B001000,10289,C009,Luca,Resort,2024-12-28,2024-12-30,2.87,2416.91,0,0,1
B001001,10289,C032,Charlotte,Fragrance,2025-05-05,2025-05-10,5.64,6208.33,0,0,0
B001002,10289,C026,Marco,Fragrance,2024-10-01,2024-10-04,3.65,14791.3,1,0,0
B001003,10289,C009,Theo,Editorial,2025-05-14,2025-05-17,3.5,4368.0,0,0,1
B001004,10289,C035,Marco,Cruise,2024-10-02,2024-10-03,1.23,15668.23,1,0,1
B001005,10289,C009,Luca,Resort,2025-07-29,2025-08-01,3.65,49108.25,0,0,1
B001006,10289,C038,Luca,Cruise,2024-09-25,2024-09-28,3.1,5907.17,0,0,1
B001007,10289,C016,Theo,Luxury Campaign,2025-06-23,2025-06-24,1.11,5403.55,0,0,1
